[{"model": "contenttypes.contenttype", "pk": 1, "fields": {"app_label": "admin", "model": "logentry"}}, {"model": "contenttypes.contenttype", "pk": 2, "fields": {"app_label": "auth", "model": "permission"}}, {"model": "contenttypes.contenttype", "pk": 3, "fields": {"app_label": "auth", "model": "group"}}, {"model": "contenttypes.contenttype", "pk": 4, "fields": {"app_label": "auth", "model": "user"}}, {"model": "contenttypes.contenttype", "pk": 5, "fields": {"app_label": "contenttypes", "model": "contenttype"}}, {"model": "contenttypes.contenttype", "pk": 6, "fields": {"app_label": "sessions", "model": "session"}}, {"model": "contenttypes.contenttype", "pk": 7, "fields": {"app_label": "account", "model": "applicant"}}, {"model": "contenttypes.contenttype", "pk": 8, "fields": {"app_label": "resume", "model": "personalinfo"}}, {"model": "contenttypes.contenttype", "pk": 9, "fields": {"app_label": "resume", "model": "templates"}}, {"model": "contenttypes.contenttype", "pk": 10, "fields": {"app_label": "resume", "model": "skills"}}, {"model": "contenttypes.contenttype", "pk": 11, "fields": {"app_label": "resume", "model": "personaldescription"}}, {"model": "contenttypes.contenttype", "pk": 12, "fields": {"app_label": "resume", "model": "others"}}, {"model": "contenttypes.contenttype", "pk": 13, "fields": {"app_label": "resume", "model": "language"}}, {"model": "contenttypes.contenttype", "pk": 14, "fields": {"app_label": "resume", "model": "experienceinfo"}}, {"model": "contenttypes.contenttype", "pk": 15, "fields": {"app_label": "resume", "model": "educationalinfo"}}, {"model": "contenttypes.contenttype", "pk": 16, "fields": {"app_label": "resume", "model": "certificate"}}, {"model": "contenttypes.contenttype", "pk": 17, "fields": {"app_label": "personality", "model": "personalitytype"}}, {"model": "contenttypes.contenttype", "pk": 18, "fields": {"app_label": "personality", "model": "testquestion"}}, {"model": "contenttypes.contenttype", "pk": 19, "fields": {"app_label": "personality", "model": "testchoice"}}, {"model": "contenttypes.contenttype", "pk": 20, "fields": {"app_label": "personality", "model": "personalityquestion"}}, {"model": "contenttypes.contenttype", "pk": 21, "fields": {"app_label": "personality", "model": "personalitydata"}}, {"model": "contenttypes.contenttype", "pk": 22, "fields": {"app_label": "personality", "model": "personalityresult"}}, {"model": "contenttypes.contenttype", "pk": 23, "fields": {"app_label": "prediction", "model": "uploadcv"}}, {"model": "contenttypes.contenttype", "pk": 24, "fields": {"app_label": "resume", "model": "messagebox"}}, {"model": "contenttypes.contenttype", "pk": 25, "fields": {"app_label": "account", "model": "profile"}}, {"model": "sessions.session", "pk": "01nad979xsj7bff8bcet2bfwbyu1j7ac", "fields": {"session_data": "MjA3MDJmOWVmMTJlYzBmZWFiNDc0Njg5NmU3OWE3ZjFhZGZhYTQ3YTp7Il9hdXRoX3VzZXJfaWQiOiIyIiwiX2F1dGhfdXNlcl9iYWNrZW5kIjoiZGphbmdvLmNvbnRyaWIuYXV0aC5iYWNrZW5kcy5Nb2RlbEJhY2tlbmQiLCJfYXV0aF91c2VyX2hhc2giOiIwYmZkN2NhODhkYTQ2NzdlYzQwZTAzMjUyM2Y5YmZiYmY3ODliYzkzIn0=", "expire_date": "2021-03-02T12:45:13.336Z"}}, {"model": "sessions.session", "pk": "03yijq3w6qa9btv1t1tshqu15y97bj2c", "fields": {"session_data": "MTlkMDNjYTBlNmIzODc4ODNkM2U0MzBjZmQ2ZDlhMjg4MzJiMmJkZDp7Il9hdXRoX3VzZXJfaWQiOiIxIiwiX2F1dGhfdXNlcl9iYWNrZW5kIjoiZGphbmdvLmNvbnRyaWIuYXV0aC5iYWNrZW5kcy5Nb2RlbEJhY2tlbmQiLCJfYXV0aF91c2VyX2hhc2giOiI4ZDM0ZjBiZGMwNGE4NDdlYmZhMDkyMTEwOTExMmViMzEwMzFmYzhkIn0=", "expire_date": "2021-07-06T11:27:40.508Z"}}, {"model": "sessions.session", "pk": "19t2mm4q296qiwt0k5suhlgqypdmerf3", "fields": {"session_data": "NmRjMDI2ZWIxNmEzNmU0MTc3M2Q2NDMxZTJjZGZhMjg1MjYxNDBlNTp7Il9hdXRoX3VzZXJfaWQiOiI5IiwiX2F1dGhfdXNlcl9iYWNrZW5kIjoiZGphbmdvLmNvbnRyaWIuYXV0aC5iYWNrZW5kcy5Nb2RlbEJhY2tlbmQiLCJfYXV0aF91c2VyX2hhc2giOiIyMWNkNWE5ZTA0ZGI3YjgwNmVkMmMzYzk5ZGJkMGI3NzU1YWJhNjA1In0=", "expire_date": "2021-05-22T09:00:52.763Z"}}, {"model": "sessions.session", "pk": "1doiqfj3rgcpwj0xh8zuoehwd1oguqie", "fields": {"session_data": "MjA3MDJmOWVmMTJlYzBmZWFiNDc0Njg5NmU3OWE3ZjFhZGZhYTQ3YTp7Il9hdXRoX3VzZXJfaWQiOiIyIiwiX2F1dGhfdXNlcl9iYWNrZW5kIjoiZGphbmdvLmNvbnRyaWIuYXV0aC5iYWNrZW5kcy5Nb2RlbEJhY2tlbmQiLCJfYXV0aF91c2VyX2hhc2giOiIwYmZkN2NhODhkYTQ2NzdlYzQwZTAzMjUyM2Y5YmZiYmY3ODliYzkzIn0=", "expire_date": "2021-01-18T12:52:32.987Z"}}, {"model": "sessions.session", "pk": "1kgotbfmek88n9gbwdvpzg6pxmis7ri3", "fields": {"session_data": "MjA3MDJmOWVmMTJlYzBmZWFiNDc0Njg5NmU3OWE3ZjFhZGZhYTQ3YTp7Il9hdXRoX3VzZXJfaWQiOiIyIiwiX2F1dGhfdXNlcl9iYWNrZW5kIjoiZGphbmdvLmNvbnRyaWIuYXV0aC5iYWNrZW5kcy5Nb2RlbEJhY2tlbmQiLCJfYXV0aF91c2VyX2hhc2giOiIwYmZkN2NhODhkYTQ2NzdlYzQwZTAzMjUyM2Y5YmZiYmY3ODliYzkzIn0=", "expire_date": "2021-02-28T02:02:25.350Z"}}, {"model": "sessions.session", "pk": "22pik6j3jjbz7ykpd30zcyu1l1majf5u", "fields": {"session_data": "MTlkMDNjYTBlNmIzODc4ODNkM2U0MzBjZmQ2ZDlhMjg4MzJiMmJkZDp7Il9hdXRoX3VzZXJfaWQiOiIxIiwiX2F1dGhfdXNlcl9iYWNrZW5kIjoiZGphbmdvLmNvbnRyaWIuYXV0aC5iYWNrZW5kcy5Nb2RlbEJhY2tlbmQiLCJfYXV0aF91c2VyX2hhc2giOiI4ZDM0ZjBiZGMwNGE4NDdlYmZhMDkyMTEwOTExMmViMzEwMzFmYzhkIn0=", "expire_date": "2021-01-27T12:40:04.921Z"}}, {"model": "sessions.session", "pk": "232kdut6lh3s44zj7yl4nhyv6ls1dwng", "fields": {"session_data": "M2MzMGQ5YWM5OTE5YjRkYjk0MGE4ZDZkMzM4YTdlYWUxNjliMWI3MDp7Il9hdXRoX3VzZXJfaWQiOiIxMCIsIl9hdXRoX3VzZXJfYmFja2VuZCI6ImRqYW5nby5jb250cmliLmF1dGguYmFja2VuZHMuTW9kZWxCYWNrZW5kIiwiX2F1dGhfdXNlcl9oYXNoIjoiYWJjY2NhMzIzNTI0MDRhNTkzZTFlMzY1Yzg2M2Q2YTZlODEzNzI0NCJ9", "expire_date": "2021-05-30T10:59:01.340Z"}}, {"model": "sessions.session", "pk": "2sd6itsx0w5oey81doaq1tefpmwelq2w", "fields": {"session_data": "MjA3MDJmOWVmMTJlYzBmZWFiNDc0Njg5NmU3OWE3ZjFhZGZhYTQ3YTp7Il9hdXRoX3VzZXJfaWQiOiIyIiwiX2F1dGhfdXNlcl9iYWNrZW5kIjoiZGphbmdvLmNvbnRyaWIuYXV0aC5iYWNrZW5kcy5Nb2RlbEJhY2tlbmQiLCJfYXV0aF91c2VyX2hhc2giOiIwYmZkN2NhODhkYTQ2NzdlYzQwZTAzMjUyM2Y5YmZiYmY3ODliYzkzIn0=", "expire_date": "2021-01-25T12:36:15.515Z"}}, {"model": "sessions.session", "pk": "2xud24kcvvh0yukj20r0e1lbpv4bphhq", "fields": {"session_data": "MTlkMDNjYTBlNmIzODc4ODNkM2U0MzBjZmQ2ZDlhMjg4MzJiMmJkZDp7Il9hdXRoX3VzZXJfaWQiOiIxIiwiX2F1dGhfdXNlcl9iYWNrZW5kIjoiZGphbmdvLmNvbnRyaWIuYXV0aC5iYWNrZW5kcy5Nb2RlbEJhY2tlbmQiLCJfYXV0aF91c2VyX2hhc2giOiI4ZDM0ZjBiZGMwNGE4NDdlYmZhMDkyMTEwOTExMmViMzEwMzFmYzhkIn0=", "expire_date": "2020-12-21T13:27:27.825Z"}}, {"model": "sessions.session", "pk": "2yr3ha6qn8y8mxxjdb15fkghtq0vldg1", "fields": {"session_data": "MTlkMDNjYTBlNmIzODc4ODNkM2U0MzBjZmQ2ZDlhMjg4MzJiMmJkZDp7Il9hdXRoX3VzZXJfaWQiOiIxIiwiX2F1dGhfdXNlcl9iYWNrZW5kIjoiZGphbmdvLmNvbnRyaWIuYXV0aC5iYWNrZW5kcy5Nb2RlbEJhY2tlbmQiLCJfYXV0aF91c2VyX2hhc2giOiI4ZDM0ZjBiZGMwNGE4NDdlYmZhMDkyMTEwOTExMmViMzEwMzFmYzhkIn0=", "expire_date": "2021-01-20T13:31:22.543Z"}}, {"model": "sessions.session", "pk": "34ezeq4rjjxrixpp748ed5y00pcou6gd", "fields": {"session_data": "MTlkMDNjYTBlNmIzODc4ODNkM2U0MzBjZmQ2ZDlhMjg4MzJiMmJkZDp7Il9hdXRoX3VzZXJfaWQiOiIxIiwiX2F1dGhfdXNlcl9iYWNrZW5kIjoiZGphbmdvLmNvbnRyaWIuYXV0aC5iYWNrZW5kcy5Nb2RlbEJhY2tlbmQiLCJfYXV0aF91c2VyX2hhc2giOiI4ZDM0ZjBiZGMwNGE4NDdlYmZhMDkyMTEwOTExMmViMzEwMzFmYzhkIn0=", "expire_date": "2021-01-26T13:06:50.703Z"}}, {"model": "sessions.session", "pk": "3nlvwolglny0iukph7de6z5y5f7zhn25", "fields": {"session_data": "MTlkMDNjYTBlNmIzODc4ODNkM2U0MzBjZmQ2ZDlhMjg4MzJiMmJkZDp7Il9hdXRoX3VzZXJfaWQiOiIxIiwiX2F1dGhfdXNlcl9iYWNrZW5kIjoiZGphbmdvLmNvbnRyaWIuYXV0aC5iYWNrZW5kcy5Nb2RlbEJhY2tlbmQiLCJfYXV0aF91c2VyX2hhc2giOiI4ZDM0ZjBiZGMwNGE4NDdlYmZhMDkyMTEwOTExMmViMzEwMzFmYzhkIn0=", "expire_date": "2021-01-20T12:34:08.689Z"}}, {"model": "sessions.session", "pk": "41d94nlz65v4ax7drwekwiiztqasx3uk", "fields": {"session_data": "MTAwMmEwMmJlYTZhMjViZjRkZWExYjVlOWYzMjAwYTNhZmE0Y2I4NDp7Il9hdXRoX3VzZXJfaWQiOiIzIiwiX2F1dGhfdXNlcl9iYWNrZW5kIjoiZGphbmdvLmNvbnRyaWIuYXV0aC5iYWNrZW5kcy5Nb2RlbEJhY2tlbmQiLCJfYXV0aF91c2VyX2hhc2giOiJjMTkxZTVjMzAyOWNjMTRkNjRmZDg0M2FiNTc4NTU1NTljMjliN2ZhIn0=", "expire_date": "2021-01-03T02:48:58.713Z"}}, {"model": "sessions.session", "pk": "44244ezdvcvmwv0faedjiujm1blvo3cb", "fields": {"session_data": "MTlkMDNjYTBlNmIzODc4ODNkM2U0MzBjZmQ2ZDlhMjg4MzJiMmJkZDp7Il9hdXRoX3VzZXJfaWQiOiIxIiwiX2F1dGhfdXNlcl9iYWNrZW5kIjoiZGphbmdvLmNvbnRyaWIuYXV0aC5iYWNrZW5kcy5Nb2RlbEJhY2tlbmQiLCJfYXV0aF91c2VyX2hhc2giOiI4ZDM0ZjBiZGMwNGE4NDdlYmZhMDkyMTEwOTExMmViMzEwMzFmYzhkIn0=", "expire_date": "2021-06-23T11:14:19.426Z"}}, {"model": "sessions.session", "pk": "4o3maqixsybimpeys3eh57uwbr4bxvcz", "fields": {"session_data": "NGIwNGVmY2M4MTk0NmZkODM3ZmUxMzRjNGJlZTU2N2FlNDA4MzEyMzp7Il9hdXRoX3VzZXJfaWQiOiIxMiIsIl9hdXRoX3VzZXJfYmFja2VuZCI6ImRqYW5nby5jb250cmliLmF1dGguYmFja2VuZHMuTW9kZWxCYWNrZW5kIiwiX2F1dGhfdXNlcl9oYXNoIjoiMmRkOTA1OTI3NGQ2NGRmYjk3ODE0MWM3YWU4YjE1MDczNmFhZjdhZCJ9", "expire_date": "2021-07-03T07:46:14.148Z"}}, {"model": "sessions.session", "pk": "4z9lak3fvdwnht0g5yj23bx0v2qj19pe", "fields": {"session_data": "MmJiMTg1ZDVkMDNkNzc1MDcxYjBkYWY1YWU4ODU1ZGNmNWViZTc5Yzp7fQ==", "expire_date": "2021-06-07T11:59:24.576Z"}}, {"model": "sessions.session", "pk": "76n7z2eggeoo9yxnz25d5x3n6pcq97pp", "fields": {"session_data": "ZjAzZDlhZDA5MDdkOWYxODZkOGQ0NWMwM2U5OGEwNmY1ZGM5ZGU2ZDp7Il9hdXRoX3VzZXJfaWQiOiIxNSIsIl9hdXRoX3VzZXJfYmFja2VuZCI6ImRqYW5nby5jb250cmliLmF1dGguYmFja2VuZHMuTW9kZWxCYWNrZW5kIiwiX2F1dGhfdXNlcl9oYXNoIjoiOWQyZTBjMDE1YmMyMjE2OTdmZWMwOWM1NDY2OTcwMDk4Y2RmZTE2MiJ9", "expire_date": "2021-07-04T09:58:03.897Z"}}, {"model": "sessions.session", "pk": "7qv37hrvs0hzgmbt7lwswx8sty040da9", "fields": {"session_data": "NGIwNGVmY2M4MTk0NmZkODM3ZmUxMzRjNGJlZTU2N2FlNDA4MzEyMzp7Il9hdXRoX3VzZXJfaWQiOiIxMiIsIl9hdXRoX3VzZXJfYmFja2VuZCI6ImRqYW5nby5jb250cmliLmF1dGguYmFja2VuZHMuTW9kZWxCYWNrZW5kIiwiX2F1dGhfdXNlcl9oYXNoIjoiMmRkOTA1OTI3NGQ2NGRmYjk3ODE0MWM3YWU4YjE1MDczNmFhZjdhZCJ9", "expire_date": "2021-07-03T17:22:31.566Z"}}, {"model": "sessions.session", "pk": "88as33t6fdwnji4eqrz21pa8xeut42ie", "fields": {"session_data": "MjA3MDJmOWVmMTJlYzBmZWFiNDc0Njg5NmU3OWE3ZjFhZGZhYTQ3YTp7Il9hdXRoX3VzZXJfaWQiOiIyIiwiX2F1dGhfdXNlcl9iYWNrZW5kIjoiZGphbmdvLmNvbnRyaWIuYXV0aC5iYWNrZW5kcy5Nb2RlbEJhY2tlbmQiLCJfYXV0aF91c2VyX2hhc2giOiIwYmZkN2NhODhkYTQ2NzdlYzQwZTAzMjUyM2Y5YmZiYmY3ODliYzkzIn0=", "expire_date": "2021-02-10T12:56:07.080Z"}}, {"model": "sessions.session", "pk": "8e4ad3bstb2bikzeqf0wfpbrle01y2b5", "fields": {"session_data": "MjA3MDJmOWVmMTJlYzBmZWFiNDc0Njg5NmU3OWE3ZjFhZGZhYTQ3YTp7Il9hdXRoX3VzZXJfaWQiOiIyIiwiX2F1dGhfdXNlcl9iYWNrZW5kIjoiZGphbmdvLmNvbnRyaWIuYXV0aC5iYWNrZW5kcy5Nb2RlbEJhY2tlbmQiLCJfYXV0aF91c2VyX2hhc2giOiIwYmZkN2NhODhkYTQ2NzdlYzQwZTAzMjUyM2Y5YmZiYmY3ODliYzkzIn0=", "expire_date": "2020-12-26T04:22:40.134Z"}}, {"model": "sessions.session", "pk": "8eu2is6f5cbx76glklq3tzloikl6d2mu", "fields": {"session_data": "NGIwNGVmY2M4MTk0NmZkODM3ZmUxMzRjNGJlZTU2N2FlNDA4MzEyMzp7Il9hdXRoX3VzZXJfaWQiOiIxMiIsIl9hdXRoX3VzZXJfYmFja2VuZCI6ImRqYW5nby5jb250cmliLmF1dGguYmFja2VuZHMuTW9kZWxCYWNrZW5kIiwiX2F1dGhfdXNlcl9oYXNoIjoiMmRkOTA1OTI3NGQ2NGRmYjk3ODE0MWM3YWU4YjE1MDczNmFhZjdhZCJ9", "expire_date": "2021-06-19T07:21:34.299Z"}}, {"model": "sessions.session", "pk": "8gkffvuivj10ij8oste0ecc5zdb86sls", "fields": {"session_data": "MWU0YjE4OWQyOTM3ODVlM2IzOTA3ZjMxMzUxZDQ2MGE4ODRhNzNlMTp7Il9hdXRoX3VzZXJfaWQiOiIyIiwiX2F1dGhfdXNlcl9iYWNrZW5kIjoiZGphbmdvLmNvbnRyaWIuYXV0aC5iYWNrZW5kcy5Nb2RlbEJhY2tlbmQiLCJfYXV0aF91c2VyX2hhc2giOiIyZjkyZDhmYzFiYTI2MzQwOTIzMDI4YjVlYjczYzQ3ZGM5ZTUyYjBiIn0=", "expire_date": "2021-06-07T12:09:09.955Z"}}, {"model": "sessions.session", "pk": "8ntsu412ibyq87kv6bx7sgnl5kitay1d", "fields": {"session_data": "Mzk1ODUwZjBhZWQ3MjZmYmEwZGM4ZmMxOTdmYzEwNzM5MjUwOTE0MTp7Il9hdXRoX3VzZXJfaWQiOiIxMSIsIl9hdXRoX3VzZXJfYmFja2VuZCI6ImRqYW5nby5jb250cmliLmF1dGguYmFja2VuZHMuTW9kZWxCYWNrZW5kIiwiX2F1dGhfdXNlcl9oYXNoIjoiZTQ1YTAzZGU4OTc1MGM2OWQzMTRiOGNiODliZjI5MzY3NzYwZDk4ZiJ9", "expire_date": "2021-06-09T02:03:10.749Z"}}, {"model": "sessions.session", "pk": "9fh7bsm8zcwu1qu99e8nlyhro9kwizv5", "fields": {"session_data": "NTYxYWIyMWZmOGQ4ZmE4MDgwMjUyOGE0N2NmZjNmOTBmMjQ3OThhZTp7Il9hdXRoX3VzZXJfaWQiOiI0IiwiX2F1dGhfdXNlcl9iYWNrZW5kIjoiZGphbmdvLmNvbnRyaWIuYXV0aC5iYWNrZW5kcy5Nb2RlbEJhY2tlbmQiLCJfYXV0aF91c2VyX2hhc2giOiJkZmZjMmFlMDI4MmFhZmI0ZWI1MGNmZWQ3ZTRjZjI3OWVmMTczNDVlIn0=", "expire_date": "2021-01-13T10:40:29.320Z"}}, {"model": "sessions.session", "pk": "avucp7u0jt5pra553t6zmhdqg2cpt3h6", "fields": {"session_data": "MjA3MDJmOWVmMTJlYzBmZWFiNDc0Njg5NmU3OWE3ZjFhZGZhYTQ3YTp7Il9hdXRoX3VzZXJfaWQiOiIyIiwiX2F1dGhfdXNlcl9iYWNrZW5kIjoiZGphbmdvLmNvbnRyaWIuYXV0aC5iYWNrZW5kcy5Nb2RlbEJhY2tlbmQiLCJfYXV0aF91c2VyX2hhc2giOiIwYmZkN2NhODhkYTQ2NzdlYzQwZTAzMjUyM2Y5YmZiYmY3ODliYzkzIn0=", "expire_date": "2021-02-09T13:28:17.289Z"}}, {"model": "sessions.session", "pk": "bluopgtzraz8k5syab37ucz4hatvfnox", "fields": {"session_data": "MTlkMDNjYTBlNmIzODc4ODNkM2U0MzBjZmQ2ZDlhMjg4MzJiMmJkZDp7Il9hdXRoX3VzZXJfaWQiOiIxIiwiX2F1dGhfdXNlcl9iYWNrZW5kIjoiZGphbmdvLmNvbnRyaWIuYXV0aC5iYWNrZW5kcy5Nb2RlbEJhY2tlbmQiLCJfYXV0aF91c2VyX2hhc2giOiI4ZDM0ZjBiZGMwNGE4NDdlYmZhMDkyMTEwOTExMmViMzEwMzFmYzhkIn0=", "expire_date": "2021-01-25T12:30:55.123Z"}}, {"model": "sessions.session", "pk": "bth6ljcyx7n8wqqtals3u9kv18rmwudv", "fields": {"session_data": "MTlkMDNjYTBlNmIzODc4ODNkM2U0MzBjZmQ2ZDlhMjg4MzJiMmJkZDp7Il9hdXRoX3VzZXJfaWQiOiIxIiwiX2F1dGhfdXNlcl9iYWNrZW5kIjoiZGphbmdvLmNvbnRyaWIuYXV0aC5iYWNrZW5kcy5Nb2RlbEJhY2tlbmQiLCJfYXV0aF91c2VyX2hhc2giOiI4ZDM0ZjBiZGMwNGE4NDdlYmZhMDkyMTEwOTExMmViMzEwMzFmYzhkIn0=", "expire_date": "2021-07-09T11:53:42.646Z"}}, {"model": "sessions.session", "pk": "clggh3phpvucxsjwl4q74ov65a6ao0ze", "fields": {"session_data": "MTlkMDNjYTBlNmIzODc4ODNkM2U0MzBjZmQ2ZDlhMjg4MzJiMmJkZDp7Il9hdXRoX3VzZXJfaWQiOiIxIiwiX2F1dGhfdXNlcl9iYWNrZW5kIjoiZGphbmdvLmNvbnRyaWIuYXV0aC5iYWNrZW5kcy5Nb2RlbEJhY2tlbmQiLCJfYXV0aF91c2VyX2hhc2giOiI4ZDM0ZjBiZGMwNGE4NDdlYmZhMDkyMTEwOTExMmViMzEwMzFmYzhkIn0=", "expire_date": "2021-01-12T13:25:22.947Z"}}, {"model": "sessions.session", "pk": "cow2k52wlpmqs4zfoazq7iluhs54bu31", "fields": {"session_data": "OWVmMmNkZTkwZTU5MWM4ZmVjYWI2NjM5NTMzZmEwN2UzZjZiNWVjMjp7Il9wYXNzd29yZF9yZXNldF90b2tlbiI6IjVxdy04MmI1Yjk0NmE3MmM5ZWNlYjkyNCJ9", "expire_date": "2021-06-07T12:06:30.098Z"}}, {"model": "sessions.session", "pk": "cw03vrco3m232rgnsaomra8gpodiyv2h", "fields": {"session_data": "MjA3MDJmOWVmMTJlYzBmZWFiNDc0Njg5NmU3OWE3ZjFhZGZhYTQ3YTp7Il9hdXRoX3VzZXJfaWQiOiIyIiwiX2F1dGhfdXNlcl9iYWNrZW5kIjoiZGphbmdvLmNvbnRyaWIuYXV0aC5iYWNrZW5kcy5Nb2RlbEJhY2tlbmQiLCJfYXV0aF91c2VyX2hhc2giOiIwYmZkN2NhODhkYTQ2NzdlYzQwZTAzMjUyM2Y5YmZiYmY3ODliYzkzIn0=", "expire_date": "2020-12-21T13:28:03.946Z"}}, {"model": "sessions.session", "pk": "dk6b84ej9cu95cto2s0e69rfg1wmg79v", "fields": {"session_data": "NmRjMDI2ZWIxNmEzNmU0MTc3M2Q2NDMxZTJjZGZhMjg1MjYxNDBlNTp7Il9hdXRoX3VzZXJfaWQiOiI5IiwiX2F1dGhfdXNlcl9iYWNrZW5kIjoiZGphbmdvLmNvbnRyaWIuYXV0aC5iYWNrZW5kcy5Nb2RlbEJhY2tlbmQiLCJfYXV0aF91c2VyX2hhc2giOiIyMWNkNWE5ZTA0ZGI3YjgwNmVkMmMzYzk5ZGJkMGI3NzU1YWJhNjA1In0=", "expire_date": "2021-05-30T12:12:51.901Z"}}, {"model": "sessions.session", "pk": "doq2i187oxwrvx55uvtvbsqr7d81kaj3", "fields": {"session_data": "NTQ2OTE4MDc1MDMzMmQxNWU5ZjFmZGNkYzVlYTQ4YzAzZDI2NWM3ODp7Il9hdXRoX3VzZXJfaWQiOiI1IiwiX2F1dGhfdXNlcl9iYWNrZW5kIjoiZGphbmdvLmNvbnRyaWIuYXV0aC5iYWNrZW5kcy5Nb2RlbEJhY2tlbmQiLCJfYXV0aF91c2VyX2hhc2giOiIyZDg1YmViYmRiZmJiMGY2M2M2Yzk3ZTZiMjI0NjEwNDAxMDEyMjU4In0=", "expire_date": "2021-05-03T02:36:54.658Z"}}, {"model": "sessions.session", "pk": "dtow43bi2x9epxvacm4zpnhwid1wvj20", "fields": {"session_data": "MjA3MDJmOWVmMTJlYzBmZWFiNDc0Njg5NmU3OWE3ZjFhZGZhYTQ3YTp7Il9hdXRoX3VzZXJfaWQiOiIyIiwiX2F1dGhfdXNlcl9iYWNrZW5kIjoiZGphbmdvLmNvbnRyaWIuYXV0aC5iYWNrZW5kcy5Nb2RlbEJhY2tlbmQiLCJfYXV0aF91c2VyX2hhc2giOiIwYmZkN2NhODhkYTQ2NzdlYzQwZTAzMjUyM2Y5YmZiYmY3ODliYzkzIn0=", "expire_date": "2021-01-12T13:11:52.158Z"}}, {"model": "sessions.session", "pk": "epsg163tlc9vrfwlgenbvrmi03nvg8l3", "fields": {"session_data": "MjA3MDJmOWVmMTJlYzBmZWFiNDc0Njg5NmU3OWE3ZjFhZGZhYTQ3YTp7Il9hdXRoX3VzZXJfaWQiOiIyIiwiX2F1dGhfdXNlcl9iYWNrZW5kIjoiZGphbmdvLmNvbnRyaWIuYXV0aC5iYWNrZW5kcy5Nb2RlbEJhY2tlbmQiLCJfYXV0aF91c2VyX2hhc2giOiIwYmZkN2NhODhkYTQ2NzdlYzQwZTAzMjUyM2Y5YmZiYmY3ODliYzkzIn0=", "expire_date": "2021-01-27T17:47:43.925Z"}}, {"model": "sessions.session", "pk": "ey7sht2mzxkr1u8ndzuffndzdfd0exl0", "fields": {"session_data": "MTlkMDNjYTBlNmIzODc4ODNkM2U0MzBjZmQ2ZDlhMjg4MzJiMmJkZDp7Il9hdXRoX3VzZXJfaWQiOiIxIiwiX2F1dGhfdXNlcl9iYWNrZW5kIjoiZGphbmdvLmNvbnRyaWIuYXV0aC5iYWNrZW5kcy5Nb2RlbEJhY2tlbmQiLCJfYXV0aF91c2VyX2hhc2giOiI4ZDM0ZjBiZGMwNGE4NDdlYmZhMDkyMTEwOTExMmViMzEwMzFmYzhkIn0=", "expire_date": "2021-01-18T12:30:41.184Z"}}, {"model": "sessions.session", "pk": "g959shnp2u243wvauwtn7otk88n82ud3", "fields": {"session_data": "NGIwNGVmY2M4MTk0NmZkODM3ZmUxMzRjNGJlZTU2N2FlNDA4MzEyMzp7Il9hdXRoX3VzZXJfaWQiOiIxMiIsIl9hdXRoX3VzZXJfYmFja2VuZCI6ImRqYW5nby5jb250cmliLmF1dGguYmFja2VuZHMuTW9kZWxCYWNrZW5kIiwiX2F1dGhfdXNlcl9oYXNoIjoiMmRkOTA1OTI3NGQ2NGRmYjk3ODE0MWM3YWU4YjE1MDczNmFhZjdhZCJ9", "expire_date": "2021-06-15T13:57:39.606Z"}}, {"model": "sessions.session", "pk": "g9g5sl269x0d4z99fez9m4mivo8blxsc", "fields": {"session_data": "N2MzNWI1YWVjZTgxOGY0M2IxZjQ4ZTY0NzgwZWRiMDM4NzNiMGYwNDp7Il9hdXRoX3VzZXJfaWQiOiIxMyIsIl9hdXRoX3VzZXJfYmFja2VuZCI6ImRqYW5nby5jb250cmliLmF1dGguYmFja2VuZHMuTW9kZWxCYWNrZW5kIiwiX2F1dGhfdXNlcl9oYXNoIjoiZjAzYWJjMWQzYzlmMWI1OWE4ODM2NTIyMDlkYzBhNzViYzZiMTViMyJ9", "expire_date": "2021-06-28T09:38:25.592Z"}}, {"model": "sessions.session", "pk": "gu0059qs9v86qhqhwnhkrrlnwlzxqehs", "fields": {"session_data": "N2MzNWI1YWVjZTgxOGY0M2IxZjQ4ZTY0NzgwZWRiMDM4NzNiMGYwNDp7Il9hdXRoX3VzZXJfaWQiOiIxMyIsIl9hdXRoX3VzZXJfYmFja2VuZCI6ImRqYW5nby5jb250cmliLmF1dGguYmFja2VuZHMuTW9kZWxCYWNrZW5kIiwiX2F1dGhfdXNlcl9oYXNoIjoiZjAzYWJjMWQzYzlmMWI1OWE4ODM2NTIyMDlkYzBhNzViYzZiMTViMyJ9", "expire_date": "2021-07-02T03:16:45.313Z"}}, {"model": "sessions.session", "pk": "i2jk3wboars1aqzw9oedg28bl4s499ru", "fields": {"session_data": "MTlkMDNjYTBlNmIzODc4ODNkM2U0MzBjZmQ2ZDlhMjg4MzJiMmJkZDp7Il9hdXRoX3VzZXJfaWQiOiIxIiwiX2F1dGhfdXNlcl9iYWNrZW5kIjoiZGphbmdvLmNvbnRyaWIuYXV0aC5iYWNrZW5kcy5Nb2RlbEJhY2tlbmQiLCJfYXV0aF91c2VyX2hhc2giOiI4ZDM0ZjBiZGMwNGE4NDdlYmZhMDkyMTEwOTExMmViMzEwMzFmYzhkIn0=", "expire_date": "2020-12-20T13:13:47.788Z"}}, {"model": "sessions.session", "pk": "jiy37houqs606b8q1mdcykfrnoi8q7b6", "fields": {"session_data": "MTlkMDNjYTBlNmIzODc4ODNkM2U0MzBjZmQ2ZDlhMjg4MzJiMmJkZDp7Il9hdXRoX3VzZXJfaWQiOiIxIiwiX2F1dGhfdXNlcl9iYWNrZW5kIjoiZGphbmdvLmNvbnRyaWIuYXV0aC5iYWNrZW5kcy5Nb2RlbEJhY2tlbmQiLCJfYXV0aF91c2VyX2hhc2giOiI4ZDM0ZjBiZGMwNGE4NDdlYmZhMDkyMTEwOTExMmViMzEwMzFmYzhkIn0=", "expire_date": "2021-01-24T13:19:51.672Z"}}, {"model": "sessions.session", "pk": "k1ebvy173aeqb10khvvgtyvw70btvbuz", "fields": {"session_data": "MTlkMDNjYTBlNmIzODc4ODNkM2U0MzBjZmQ2ZDlhMjg4MzJiMmJkZDp7Il9hdXRoX3VzZXJfaWQiOiIxIiwiX2F1dGhfdXNlcl9iYWNrZW5kIjoiZGphbmdvLmNvbnRyaWIuYXV0aC5iYWNrZW5kcy5Nb2RlbEJhY2tlbmQiLCJfYXV0aF91c2VyX2hhc2giOiI4ZDM0ZjBiZGMwNGE4NDdlYmZhMDkyMTEwOTExMmViMzEwMzFmYzhkIn0=", "expire_date": "2021-03-04T12:40:48.626Z"}}, {"model": "sessions.session", "pk": "kcwbizcuesqqvwlvo6bzg4ljtpao13cm", "fields": {"session_data": "MTlkMDNjYTBlNmIzODc4ODNkM2U0MzBjZmQ2ZDlhMjg4MzJiMmJkZDp7Il9hdXRoX3VzZXJfaWQiOiIxIiwiX2F1dGhfdXNlcl9iYWNrZW5kIjoiZGphbmdvLmNvbnRyaWIuYXV0aC5iYWNrZW5kcy5Nb2RlbEJhY2tlbmQiLCJfYXV0aF91c2VyX2hhc2giOiI4ZDM0ZjBiZGMwNGE4NDdlYmZhMDkyMTEwOTExMmViMzEwMzFmYzhkIn0=", "expire_date": "2021-01-04T01:22:58.072Z"}}, {"model": "sessions.session", "pk": "kidopq2rjhwa0cfglvr7da6ehdta7de0", "fields": {"session_data": "MTlkMDNjYTBlNmIzODc4ODNkM2U0MzBjZmQ2ZDlhMjg4MzJiMmJkZDp7Il9hdXRoX3VzZXJfaWQiOiIxIiwiX2F1dGhfdXNlcl9iYWNrZW5kIjoiZGphbmdvLmNvbnRyaWIuYXV0aC5iYWNrZW5kcy5Nb2RlbEJhY2tlbmQiLCJfYXV0aF91c2VyX2hhc2giOiI4ZDM0ZjBiZGMwNGE4NDdlYmZhMDkyMTEwOTExMmViMzEwMzFmYzhkIn0=", "expire_date": "2021-05-22T08:27:56.909Z"}}, {"model": "sessions.session", "pk": "kjyurqywwbid9jtlktlaquyermkywfjp", "fields": {"session_data": "MTlkMDNjYTBlNmIzODc4ODNkM2U0MzBjZmQ2ZDlhMjg4MzJiMmJkZDp7Il9hdXRoX3VzZXJfaWQiOiIxIiwiX2F1dGhfdXNlcl9iYWNrZW5kIjoiZGphbmdvLmNvbnRyaWIuYXV0aC5iYWNrZW5kcy5Nb2RlbEJhY2tlbmQiLCJfYXV0aF91c2VyX2hhc2giOiI4ZDM0ZjBiZGMwNGE4NDdlYmZhMDkyMTEwOTExMmViMzEwMzFmYzhkIn0=", "expire_date": "2021-06-19T08:17:26.701Z"}}, {"model": "sessions.session", "pk": "l0859z4sdwl2nfer76n0yq5zrqxsgx6j", "fields": {"session_data": "MTlkMDNjYTBlNmIzODc4ODNkM2U0MzBjZmQ2ZDlhMjg4MzJiMmJkZDp7Il9hdXRoX3VzZXJfaWQiOiIxIiwiX2F1dGhfdXNlcl9iYWNrZW5kIjoiZGphbmdvLmNvbnRyaWIuYXV0aC5iYWNrZW5kcy5Nb2RlbEJhY2tlbmQiLCJfYXV0aF91c2VyX2hhc2giOiI4ZDM0ZjBiZGMwNGE4NDdlYmZhMDkyMTEwOTExMmViMzEwMzFmYzhkIn0=", "expire_date": "2020-12-23T12:34:25.091Z"}}, {"model": "sessions.session", "pk": "l1zh3es3un6pjoaiw36syx1m4alhozna", "fields": {"session_data": "MTlkMDNjYTBlNmIzODc4ODNkM2U0MzBjZmQ2ZDlhMjg4MzJiMmJkZDp7Il9hdXRoX3VzZXJfaWQiOiIxIiwiX2F1dGhfdXNlcl9iYWNrZW5kIjoiZGphbmdvLmNvbnRyaWIuYXV0aC5iYWNrZW5kcy5Nb2RlbEJhY2tlbmQiLCJfYXV0aF91c2VyX2hhc2giOiI4ZDM0ZjBiZGMwNGE4NDdlYmZhMDkyMTEwOTExMmViMzEwMzFmYzhkIn0=", "expire_date": "2021-02-28T02:34:21.312Z"}}, {"model": "sessions.session", "pk": "mrdcyj4rqi5o7ra2gd9qve944wyhk6t1", "fields": {"session_data": "NTQ2OTE4MDc1MDMzMmQxNWU5ZjFmZGNkYzVlYTQ4YzAzZDI2NWM3ODp7Il9hdXRoX3VzZXJfaWQiOiI1IiwiX2F1dGhfdXNlcl9iYWNrZW5kIjoiZGphbmdvLmNvbnRyaWIuYXV0aC5iYWNrZW5kcy5Nb2RlbEJhY2tlbmQiLCJfYXV0aF91c2VyX2hhc2giOiIyZDg1YmViYmRiZmJiMGY2M2M2Yzk3ZTZiMjI0NjEwNDAxMDEyMjU4In0=", "expire_date": "2021-05-01T08:01:32.631Z"}}, {"model": "sessions.session", "pk": "n8utd7pb58ucsehizz93fm1rxlnbuw82", "fields": {"session_data": "MTlkMDNjYTBlNmIzODc4ODNkM2U0MzBjZmQ2ZDlhMjg4MzJiMmJkZDp7Il9hdXRoX3VzZXJfaWQiOiIxIiwiX2F1dGhfdXNlcl9iYWNrZW5kIjoiZGphbmdvLmNvbnRyaWIuYXV0aC5iYWNrZW5kcy5Nb2RlbEJhY2tlbmQiLCJfYXV0aF91c2VyX2hhc2giOiI4ZDM0ZjBiZGMwNGE4NDdlYmZhMDkyMTEwOTExMmViMzEwMzFmYzhkIn0=", "expire_date": "2021-05-05T13:42:33.617Z"}}, {"model": "sessions.session", "pk": "o6tkvogb0k77gkxv1ib1jmgu9gjaiwum", "fields": {"session_data": "MjA3MDJmOWVmMTJlYzBmZWFiNDc0Njg5NmU3OWE3ZjFhZGZhYTQ3YTp7Il9hdXRoX3VzZXJfaWQiOiIyIiwiX2F1dGhfdXNlcl9iYWNrZW5kIjoiZGphbmdvLmNvbnRyaWIuYXV0aC5iYWNrZW5kcy5Nb2RlbEJhY2tlbmQiLCJfYXV0aF91c2VyX2hhc2giOiIwYmZkN2NhODhkYTQ2NzdlYzQwZTAzMjUyM2Y5YmZiYmY3ODliYzkzIn0=", "expire_date": "2021-01-26T13:09:33.045Z"}}, {"model": "sessions.session", "pk": "o8t64hp2fkrhb7dczazhc35e4fk86dde", "fields": {"session_data": "MTlkMDNjYTBlNmIzODc4ODNkM2U0MzBjZmQ2ZDlhMjg4MzJiMmJkZDp7Il9hdXRoX3VzZXJfaWQiOiIxIiwiX2F1dGhfdXNlcl9iYWNrZW5kIjoiZGphbmdvLmNvbnRyaWIuYXV0aC5iYWNrZW5kcy5Nb2RlbEJhY2tlbmQiLCJfYXV0aF91c2VyX2hhc2giOiI4ZDM0ZjBiZGMwNGE4NDdlYmZhMDkyMTEwOTExMmViMzEwMzFmYzhkIn0=", "expire_date": "2021-02-10T12:58:28.793Z"}}, {"model": "sessions.session", "pk": "pfzdneihrfljs5yizsra3kxe1ad3q3bg", "fields": {"session_data": "MTlkMDNjYTBlNmIzODc4ODNkM2U0MzBjZmQ2ZDlhMjg4MzJiMmJkZDp7Il9hdXRoX3VzZXJfaWQiOiIxIiwiX2F1dGhfdXNlcl9iYWNrZW5kIjoiZGphbmdvLmNvbnRyaWIuYXV0aC5iYWNrZW5kcy5Nb2RlbEJhY2tlbmQiLCJfYXV0aF91c2VyX2hhc2giOiI4ZDM0ZjBiZGMwNGE4NDdlYmZhMDkyMTEwOTExMmViMzEwMzFmYzhkIn0=", "expire_date": "2021-07-08T11:55:01.010Z"}}, {"model": "sessions.session", "pk": "q5f7qpb9zsydom7yw9hl53l1hi13ytwu", "fields": {"session_data": "MTlkMDNjYTBlNmIzODc4ODNkM2U0MzBjZmQ2ZDlhMjg4MzJiMmJkZDp7Il9hdXRoX3VzZXJfaWQiOiIxIiwiX2F1dGhfdXNlcl9iYWNrZW5kIjoiZGphbmdvLmNvbnRyaWIuYXV0aC5iYWNrZW5kcy5Nb2RlbEJhY2tlbmQiLCJfYXV0aF91c2VyX2hhc2giOiI4ZDM0ZjBiZGMwNGE4NDdlYmZhMDkyMTEwOTExMmViMzEwMzFmYzhkIn0=", "expire_date": "2021-01-27T17:54:31.949Z"}}, {"model": "sessions.session", "pk": "se2r67kib9vlyfvu4olkdfgddwrp7tzt", "fields": {"session_data": "MjA3MDJmOWVmMTJlYzBmZWFiNDc0Njg5NmU3OWE3ZjFhZGZhYTQ3YTp7Il9hdXRoX3VzZXJfaWQiOiIyIiwiX2F1dGhfdXNlcl9iYWNrZW5kIjoiZGphbmdvLmNvbnRyaWIuYXV0aC5iYWNrZW5kcy5Nb2RlbEJhY2tlbmQiLCJfYXV0aF91c2VyX2hhc2giOiIwYmZkN2NhODhkYTQ2NzdlYzQwZTAzMjUyM2Y5YmZiYmY3ODliYzkzIn0=", "expire_date": "2021-01-20T12:29:52.604Z"}}, {"model": "sessions.session", "pk": "sgxzhabpatmx7b0lgr0mzya5gzknh1zv", "fields": {"session_data": "NTQ2OTE4MDc1MDMzMmQxNWU5ZjFmZGNkYzVlYTQ4YzAzZDI2NWM3ODp7Il9hdXRoX3VzZXJfaWQiOiI1IiwiX2F1dGhfdXNlcl9iYWNrZW5kIjoiZGphbmdvLmNvbnRyaWIuYXV0aC5iYWNrZW5kcy5Nb2RlbEJhY2tlbmQiLCJfYXV0aF91c2VyX2hhc2giOiIyZDg1YmViYmRiZmJiMGY2M2M2Yzk3ZTZiMjI0NjEwNDAxMDEyMjU4In0=", "expire_date": "2021-05-01T07:20:09.888Z"}}, {"model": "sessions.session", "pk": "sosaqjxirrybdqn7e5s8coriooiea6an", "fields": {"session_data": "MTAwMmEwMmJlYTZhMjViZjRkZWExYjVlOWYzMjAwYTNhZmE0Y2I4NDp7Il9hdXRoX3VzZXJfaWQiOiIzIiwiX2F1dGhfdXNlcl9iYWNrZW5kIjoiZGphbmdvLmNvbnRyaWIuYXV0aC5iYWNrZW5kcy5Nb2RlbEJhY2tlbmQiLCJfYXV0aF91c2VyX2hhc2giOiJjMTkxZTVjMzAyOWNjMTRkNjRmZDg0M2FiNTc4NTU1NTljMjliN2ZhIn0=", "expire_date": "2021-01-04T02:41:31.051Z"}}, {"model": "sessions.session", "pk": "t9n0rx5c56e7maujh2usjtz1m8kflbe5", "fields": {"session_data": "MTlkMDNjYTBlNmIzODc4ODNkM2U0MzBjZmQ2ZDlhMjg4MzJiMmJkZDp7Il9hdXRoX3VzZXJfaWQiOiIxIiwiX2F1dGhfdXNlcl9iYWNrZW5kIjoiZGphbmdvLmNvbnRyaWIuYXV0aC5iYWNrZW5kcy5Nb2RlbEJhY2tlbmQiLCJfYXV0aF91c2VyX2hhc2giOiI4ZDM0ZjBiZGMwNGE4NDdlYmZhMDkyMTEwOTExMmViMzEwMzFmYzhkIn0=", "expire_date": "2021-05-17T09:32:03.210Z"}}, {"model": "sessions.session", "pk": "tg75ue7abxq5mvwi1pkse3px1cz7d2kl", "fields": {"session_data": "MTlkMDNjYTBlNmIzODc4ODNkM2U0MzBjZmQ2ZDlhMjg4MzJiMmJkZDp7Il9hdXRoX3VzZXJfaWQiOiIxIiwiX2F1dGhfdXNlcl9iYWNrZW5kIjoiZGphbmdvLmNvbnRyaWIuYXV0aC5iYWNrZW5kcy5Nb2RlbEJhY2tlbmQiLCJfYXV0aF91c2VyX2hhc2giOiI4ZDM0ZjBiZGMwNGE4NDdlYmZhMDkyMTEwOTExMmViMzEwMzFmYzhkIn0=", "expire_date": "2021-05-17T10:09:59.859Z"}}, {"model": "sessions.session", "pk": "uolgxcwy9kub4mtoy2s325zpibmi9vg6", "fields": {"session_data": "NTQ2OTE4MDc1MDMzMmQxNWU5ZjFmZGNkYzVlYTQ4YzAzZDI2NWM3ODp7Il9hdXRoX3VzZXJfaWQiOiI1IiwiX2F1dGhfdXNlcl9iYWNrZW5kIjoiZGphbmdvLmNvbnRyaWIuYXV0aC5iYWNrZW5kcy5Nb2RlbEJhY2tlbmQiLCJfYXV0aF91c2VyX2hhc2giOiIyZDg1YmViYmRiZmJiMGY2M2M2Yzk3ZTZiMjI0NjEwNDAxMDEyMjU4In0=", "expire_date": "2021-05-05T14:16:28.402Z"}}, {"model": "sessions.session", "pk": "vczz0mtzd9lkzf5yqfxfhgxjshrz85nw", "fields": {"session_data": "MTlkMDNjYTBlNmIzODc4ODNkM2U0MzBjZmQ2ZDlhMjg4MzJiMmJkZDp7Il9hdXRoX3VzZXJfaWQiOiIxIiwiX2F1dGhfdXNlcl9iYWNrZW5kIjoiZGphbmdvLmNvbnRyaWIuYXV0aC5iYWNrZW5kcy5Nb2RlbEJhY2tlbmQiLCJfYXV0aF91c2VyX2hhc2giOiI4ZDM0ZjBiZGMwNGE4NDdlYmZhMDkyMTEwOTExMmViMzEwMzFmYzhkIn0=", "expire_date": "2021-07-03T14:07:18.702Z"}}, {"model": "sessions.session", "pk": "vujdoupgh7ey50gps5ld9ryc2pejklbo", "fields": {"session_data": "MjA3MDJmOWVmMTJlYzBmZWFiNDc0Njg5NmU3OWE3ZjFhZGZhYTQ3YTp7Il9hdXRoX3VzZXJfaWQiOiIyIiwiX2F1dGhfdXNlcl9iYWNrZW5kIjoiZGphbmdvLmNvbnRyaWIuYXV0aC5iYWNrZW5kcy5Nb2RlbEJhY2tlbmQiLCJfYXV0aF91c2VyX2hhc2giOiIwYmZkN2NhODhkYTQ2NzdlYzQwZTAzMjUyM2Y5YmZiYmY3ODliYzkzIn0=", "expire_date": "2021-02-12T02:05:48.959Z"}}, {"model": "sessions.session", "pk": "xclh93y1uyw00biyqy3skpeviczfjana", "fields": {"session_data": "MmJiMTg1ZDVkMDNkNzc1MDcxYjBkYWY1YWU4ODU1ZGNmNWViZTc5Yzp7fQ==", "expire_date": "2021-05-17T10:02:56.534Z"}}, {"model": "sessions.session", "pk": "xrnxavc1kmrl5inlyx5c3d7cibb6tfgh", "fields": {"session_data": "MjA3MDJmOWVmMTJlYzBmZWFiNDc0Njg5NmU3OWE3ZjFhZGZhYTQ3YTp7Il9hdXRoX3VzZXJfaWQiOiIyIiwiX2F1dGhfdXNlcl9iYWNrZW5kIjoiZGphbmdvLmNvbnRyaWIuYXV0aC5iYWNrZW5kcy5Nb2RlbEJhY2tlbmQiLCJfYXV0aF91c2VyX2hhc2giOiIwYmZkN2NhODhkYTQ2NzdlYzQwZTAzMjUyM2Y5YmZiYmY3ODliYzkzIn0=", "expire_date": "2021-02-01T12:38:11.387Z"}}, {"model": "sessions.session", "pk": "y6250t8gpa0vp9vqfzys70ah7zobu12z", "fields": {"session_data": "MTlkMDNjYTBlNmIzODc4ODNkM2U0MzBjZmQ2ZDlhMjg4MzJiMmJkZDp7Il9hdXRoX3VzZXJfaWQiOiIxIiwiX2F1dGhfdXNlcl9iYWNrZW5kIjoiZGphbmdvLmNvbnRyaWIuYXV0aC5iYWNrZW5kcy5Nb2RlbEJhY2tlbmQiLCJfYXV0aF91c2VyX2hhc2giOiI4ZDM0ZjBiZGMwNGE4NDdlYmZhMDkyMTEwOTExMmViMzEwMzFmYzhkIn0=", "expire_date": "2021-02-09T12:40:32.096Z"}}, {"model": "sessions.session", "pk": "yedr4uknrwaswrrxc7zb7etufdunng99", "fields": {"session_data": "MjA3MDJmOWVmMTJlYzBmZWFiNDc0Njg5NmU3OWE3ZjFhZGZhYTQ3YTp7Il9hdXRoX3VzZXJfaWQiOiIyIiwiX2F1dGhfdXNlcl9iYWNrZW5kIjoiZGphbmdvLmNvbnRyaWIuYXV0aC5iYWNrZW5kcy5Nb2RlbEJhY2tlbmQiLCJfYXV0aF91c2VyX2hhc2giOiIwYmZkN2NhODhkYTQ2NzdlYzQwZTAzMjUyM2Y5YmZiYmY3ODliYzkzIn0=", "expire_date": "2021-01-27T12:29:22.381Z"}}, {"model": "sessions.session", "pk": "z11qke5m79xea2pes9favx3bfhurku3x", "fields": {"session_data": "MzkxYmFmYmNkZWY3NWIxYzlkZTgwZTQyOTQ4NzI0MTY5MTg4NjBkOTp7Il9hdXRoX3VzZXJfaWQiOiIxMyIsIl9hdXRoX3VzZXJfYmFja2VuZCI6ImRqYW5nby5jb250cmliLmF1dGguYmFja2VuZHMuTW9kZWxCYWNrZW5kIiwiX2F1dGhfdXNlcl9oYXNoIjoiZjAzYWJjMWQzYzlmMWI1OWE4ODM2NTIyMDlkYzBhNzViYzZiMTViMyIsImF2Z19vIjoyLjgsImRvbmVfbyI6dHJ1ZX0=", "expire_date": "2021-07-01T13:55:02.215Z"}}, {"model": "sessions.session", "pk": "zdzlasiolw1a7f14acxz9y332136u5au", "fields": {"session_data": "MTlkMDNjYTBlNmIzODc4ODNkM2U0MzBjZmQ2ZDlhMjg4MzJiMmJkZDp7Il9hdXRoX3VzZXJfaWQiOiIxIiwiX2F1dGhfdXNlcl9iYWNrZW5kIjoiZGphbmdvLmNvbnRyaWIuYXV0aC5iYWNrZW5kcy5Nb2RlbEJhY2tlbmQiLCJfYXV0aF91c2VyX2hhc2giOiI4ZDM0ZjBiZGMwNGE4NDdlYmZhMDkyMTEwOTExMmViMzEwMzFmYzhkIn0=", "expire_date": "2020-12-26T11:08:49.305Z"}}, {"model": "sessions.session", "pk": "zxjyf98qm4t3o885frgbjr2s39mwu9jx", "fields": {"session_data": "MjA3MDJmOWVmMTJlYzBmZWFiNDc0Njg5NmU3OWE3ZjFhZGZhYTQ3YTp7Il9hdXRoX3VzZXJfaWQiOiIyIiwiX2F1dGhfdXNlcl9iYWNrZW5kIjoiZGphbmdvLmNvbnRyaWIuYXV0aC5iYWNrZW5kcy5Nb2RlbEJhY2tlbmQiLCJfYXV0aF91c2VyX2hhc2giOiIwYmZkN2NhODhkYTQ2NzdlYzQwZTAzMjUyM2Y5YmZiYmY3ODliYzkzIn0=", "expire_date": "2020-12-22T16:37:37.075Z"}}, {"model": "sessions.session", "pk": "zypgirazp1jb1y6da12rafnb4ypq74m7", "fields": {"session_data": "MWU0YjE4OWQyOTM3ODVlM2IzOTA3ZjMxMzUxZDQ2MGE4ODRhNzNlMTp7Il9hdXRoX3VzZXJfaWQiOiIyIiwiX2F1dGhfdXNlcl9iYWNrZW5kIjoiZGphbmdvLmNvbnRyaWIuYXV0aC5iYWNrZW5kcy5Nb2RlbEJhY2tlbmQiLCJfYXV0aF91c2VyX2hhc2giOiIyZjkyZDhmYzFiYTI2MzQwOTIzMDI4YjVlYjczYzQ3ZGM5ZTUyYjBiIn0=", "expire_date": "2021-06-07T12:13:36.121Z"}}, {"model": "resume.templates", "pk": 1, "fields": {"template": "Default", "image": "images/template3.JPG"}}, {"model": "resume.templates", "pk": 2, "fields": {"template": "Professional", "image": "images/template1.jpg"}}, {"model": "resume.templates", "pk": 3, "fields": {"template": "Job", "image": "images/template2.JPG"}}, {"model": "resume.educationalinfo", "pk": 1, "fields": {"personalinfo": 1, "program": "Impedit magnam aliquip sit dolor dolorem laboris et", "institution": "Est praesentium deserunt ut enim dolores consequatur", "course": "1", "edate1": "2000-09-11", "edate2": "1994-09-02"}}, {"model": "resume.educationalinfo", "pk": 2, "fields": {"personalinfo": 2, "program": "CSIT", "institution": "Trinity Intl College", "course": "1", "edate1": "2020-01-01", "edate2": "2020-12-31"}}, {"model": "resume.educationalinfo", "pk": 3, "fields": {"personalinfo": 3, "program": "Bsc Csit", "institution": "Trinity International College", "course": "1", "edate1": "2020-12-23", "edate2": "2020-12-16"}}, {"model": "resume.educationalinfo", "pk": 4, "fields": {"personalinfo": 4, "program": "Bachelor in Computer Science", "institution": "Trinity International College", "course": "1", "edate1": "2020-12-09", "edate2": "2020-12-30"}}, {"model": "resume.educationalinfo", "pk": 5, "fields": {"personalinfo": 5, "program": "Eos harum deserunt laborum in autem aut asperiores est est vel sint officiis labore in", "institution": "Amet velit dignissimos repellendus Non et quam est quas sunt iusto quae facilis tempor illum", "course": "1", "edate1": "2008-02-26", "edate2": "1980-03-07"}}, {"model": "resume.educationalinfo", "pk": 6, "fields": {"personalinfo": 6, "program": "Est soluta nesciunt velit elit labore ea recusandae Optio adipisicing rerum alias modi laborum cumque recusandae Consectetur provident", "institution": "Qui sit quibusdam labore ducimus ullamco est quas", "course": "1", "edate1": "1985-04-16", "edate2": "2002-04-17"}}, {"model": "resume.educationalinfo", "pk": 7, "fields": {"personalinfo": 7, "program": "Ex ea reiciendis voluptatem achyut", "institution": "Libero et soluta dolor repellendus Necessitatibus ex consectetur sunt occaecat", "course": "1", "edate1": "1999-07-09", "edate2": "1997-01-20"}}, {"model": "resume.educationalinfo", "pk": 8, "fields": {"personalinfo": 8, "program": "Excepturi voluptatibus fugit vero voluptas adipisicing", "institution": "Minim ab laboriosam et quia quia repudiandae consequuntur reiciendis sint aut eu inventore", "course": "1", "edate1": "2006-09-11", "edate2": "2001-10-08"}}, {"model": "resume.educationalinfo", "pk": 9, "fields": {"personalinfo": 9, "program": "Consectetur sed a vel corrupti ut asperiores aut delectus dolores vel nisi", "institution": "Magnam porro dolorum officiis sit dolore non consectetur quibusdam quaerat est provident porro mi", "course": "1", "edate1": "1979-12-01", "edate2": "1976-09-25"}}, {"model": "resume.educationalinfo", "pk": 12, "fields": {"personalinfo": 5, "program": "Qui quia irure cum exercitationem ab quia numquam a sunt optio id consequatur Velit exercitation proident ipsa", "institution": "Qui officiis animi ut esse", "course": "1", "edate1": "1995-05-01", "edate2": "1997-12-03"}}, {"model": "resume.educationalinfo", "pk": 13, "fields": {"personalinfo": 12, "program": "Voluptatem Voluptate ut non itaque minim atque voluptas sint nisi", "institution": "Odio animi exercitationem nesciunt odit quis autem", "course": "1", "edate1": "1984-05-10", "edate2": "1980-08-04"}}, {"model": "resume.educationalinfo", "pk": 14, "fields": {"personalinfo": 13, "program": "Proident voluptatem eius porro quasi autem exercitationem enim quisquam corporis minus", "institution": "Cupidatat rem unde velit aspernatur inventore deleniti et consectetur Nam non", "course": "1", "edate1": "1985-06-03", "edate2": "2015-04-01"}}, {"model": "resume.educationalinfo", "pk": 15, "fields": {"personalinfo": 14, "program": "Et tempor perspiciatis quae cupidatat recusandae Aut ipsa aliquid nisi", "institution": "Tempor enim quo earum ipsum porro libero ducimus ex vel ipsum mollit", "course": "1", "edate1": "2013-11-28", "edate2": "1984-07-18"}}, {"model": "resume.educationalinfo", "pk": 16, "fields": {"personalinfo": 15, "program": "Laudantium ratione rerum quos esse", "institution": "Quis non sed delectus rerum enim", "course": "1", "edate1": "1981-08-11", "edate2": "1973-08-07"}}, {"model": "resume.educationalinfo", "pk": 17, "fields": {"personalinfo": 16, "program": "A voluptate duis est fuga Voluptates vtake", "institution": "Esse soluta do in obcaecati optio exptake", "course": "1", "edate1": "2011-10-23", "edate2": "2003-06-23"}}, {"model": "resume.educationalinfo", "pk": 18, "fields": {"personalinfo": 17, "program": "Perferendis amet itaque sunt expedita et", "institution": "Officia omnis ut consequatur nesciunt", "course": "1", "edate1": "1977-09-13", "edate2": "1972-12-16"}}, {"model": "resume.educationalinfo", "pk": 19, "fields": {"personalinfo": 18, "program": "Trinity International College", "institution": "Tribhuvan University", "course": "1", "edate1": "2005-04-07", "edate2": "1984-07-31"}}, {"model": "resume.educationalinfo", "pk": 20, "fields": {"personalinfo": 19, "program": "Deleniti sunt atque ea harum dolore mollit totam odio", "institution": "Nulla aperiam aut facere repellendus Est sed", "course": "1", "edate1": "1982-02-04", "edate2": "2006-06-09"}}, {"model": "resume.educationalinfo", "pk": 21, "fields": {"personalinfo": 20, "program": "Illum eaque Nam asperiores sed quis veniam id non corrupti et veritatis aperiam qui qui nobis irure culpa et", "institution": "Sequi incididunt in duis cillum quae ex nisi rerum molestias dolor recusandae Doloribus temporibus", "course": "1", "edate1": "1992-06-09", "edate2": "1988-11-08"}}, {"model": "resume.educationalinfo", "pk": 22, "fields": {"personalinfo": 21, "program": "Maxime tenetur consequatur ipsum voluptas libero consequat Est", "institution": "Delectus porro est tempore sunt pariatur Id minima expedita voluptatem qui voluptas sit quam l", "course": "1", "edate1": "2020-08-02", "edate2": "1974-07-13"}}, {"model": "resume.educationalinfo", "pk": 23, "fields": {"personalinfo": 22, "program": "Dignissimos tempora blanditiis ipsum fugiat autem sint est repellendus Repellendus Mollit aliqua Dolorem eaque labore nisi tenetur irure", "institution": "Facilis optio hic ullamco id amet ut est ut ut quibusdam voluptas vero et quo odio animi exercita", "course": "1", "edate1": "1992-08-28", "edate2": "2012-03-21"}}, {"model": "resume.educationalinfo", "pk": 24, "fields": {"personalinfo": 23, "program": "Iure modi architecto culpa proident sit sint ut quia ipsum dolor", "institution": "Officiis quis molestiae consequatur assumenda", "course": "1", "edate1": "2016-08-09", "edate2": "1987-05-11"}}, {"model": "resume.educationalinfo", "pk": 25, "fields": {"personalinfo": 23, "program": "Tribhuban university", "institution": "Trinity international College", "course": "1", "edate1": "2021-06-22", "edate2": "2021-06-22"}}, {"model": "resume.educationalinfo", "pk": 26, "fields": {"personalinfo": 23, "program": "HSEB", "institution": "Kathmandu Model College", "course": "1", "edate1": "2021-06-16", "edate2": "2021-06-30"}}, {"model": "resume.educationalinfo", "pk": 27, "fields": {"personalinfo": 24, "program": "Aut ut consectetur architecto qui vero voluptate quas officiis laboris rerum qui eu similique sit tempore enim", "institution": "Aute nisi odit voluptatum nisi quam excepteur delectus", "course": "1", "edate1": "1976-11-10", "edate2": "2006-09-02"}}, {"model": "resume.educationalinfo", "pk": 28, "fields": {"personalinfo": 25, "program": "Quam in omnis dolore ex in dolores consequatur ipsum ut tempora minim sunt", "institution": "Et et aut culpa sed temporibus sunt eiusmod cupiditate", "course": "1", "edate1": "1987-04-01", "edate2": "1992-06-17"}}, {"model": "resume.educationalinfo", "pk": 29, "fields": {"personalinfo": 26, "program": "Asperiores maiores repellendus Fugiat velit deserunt tempora harum velit et laboris est dolorum aut voluptatum corrupti recusandae Quo", "institution": "Sed dolorum repellendus Irure qui eos enim dolore quos ad voluptas placeat quod", "course": "1", "edate1": "2005-08-30", "edate2": "2021-06-22"}}, {"model": "resume.educationalinfo", "pk": 30, "fields": {"personalinfo": 27, "program": "Dolore voluptas dolor ad vero dolore et iusto quia ut rerum dolores", "institution": "Soluta dolor aute odit explicabo Dolor in irure autem facilis omnis nulla consectetur qui natus eos", "course": "Dolore Nam accusantium repudiandae magna tempora et ea in quisquam cumque", "edate1": "1981-07-20", "edate2": "2008-07-13"}}, {"model": "resume.educationalinfo", "pk": 31, "fields": {"personalinfo": 28, "program": "Minim voluptatem dolor et fugit voluptas laborum Sed cumque inventore error molestias enim numquam veritatis fuga Dignissimos", "institution": "Eveniet similique enim velit nulla", "course": "Et officia dolores culpa exercitationem qui atque corporis", "edate1": "1978-04-01", "edate2": "2021-06-22"}}, {"model": "resume.educationalinfo", "pk": 32, "fields": {"personalinfo": 29, "program": "Quas voluptatem qui repudiandae numquam quis quia suscipit", "institution": "Animi ex ea delectus non mollitia nostrud minim ex facere ex", "course": "Sunt mollitia omnis illo amet sequi itaque fugiat et reiciendis ex", "edate1": "2010-04-11", "edate2": "2017-09-25"}}, {"model": "resume.experienceinfo", "pk": 1, "fields": {"personalinfo": 1, "company": "Ferrell Blanchard Inc", "title": "Quas error aut qui ducimus quis maiores quas proident voluptatem cumque", "course": "Dolore sunt maiores quia ab iste enim et quos magni omnis temporibus consectetur molestias delectus provident impedit quis eligendi illo", "startingDate": "2010-07-31", "endingDate": "1977-12-23", "experienceInfo": "Quasi dolor impedit omnis animi consequuntur id itaque qui non dolor quam do aliquip lorem voluptatem accusantium"}}, {"model": "resume.experienceinfo", "pk": 2, "fields": {"personalinfo": 2, "company": "Nepal Telecommunication gov ltd", "title": "Networking Data Analysis", "course": "Networking", "startingDate": "2020-12-08", "endingDate": "2020-12-31", "experienceInfo": "Networking Data Analysis  is one and best company to provide this opportunity."}}, {"model": "resume.experienceinfo", "pk": 3, "fields": {"personalinfo": 3, "company": "Zamora Conrad Plc", "title": "Python Developer", "course": "Python", "startingDate": "2020-12-16", "endingDate": "2020-12-16", "experienceInfo": "Random Text Random Text Random Text Random Text Random Text Random Text Random Text Random Text Random Text Random Text"}}, {"model": "resume.experienceinfo", "pk": 4, "fields": {"personalinfo": 4, "company": "Zamora Conrad Plc", "title": "Dart Developer", "course": "Computer Science", "startingDate": "2020-12-08", "endingDate": "2020-12-07", "experienceInfo": "i have an expreiene in dart inasfalfak jasklfja ljlkajs kdjasd asdjaslkf jasfjakga kjfahskjf kjahfkjasfakjsfakj hasfhaskjfhaskj faskjfha skjfahskj ahskjfha kjfahsk"}}, {"model": "resume.experienceinfo", "pk": 5, "fields": {"personalinfo": 5, "company": "Rush Zimmerman Trading", "title": "Ipsam duis beatae enim voluptatem Voluptatem In dolore amet esse", "course": "Nihil et qui in eos", "startingDate": "2007-09-22", "endingDate": "1982-12-28", "experienceInfo": "Aliqua Aut temporibus quia deserunt et voluptas numquam maiores ipsum dolorum"}}, {"model": "resume.experienceinfo", "pk": 6, "fields": {"personalinfo": 6, "company": "Rosa and Larson Traders", "title": "Maxime enim illo laboriosam quia voluptatem sint velit porro placeat ut maiores quod cupiditate voluptates blanditiis sint suscipit fuga", "course": "Qui et earum in duis ut ea dolorum cupiditate ut dolor nobis", "startingDate": "1988-10-19", "endingDate": "2013-02-07", "experienceInfo": "Exercitation quis in consequuntur ipsa cillum"}}, {"model": "resume.experienceinfo", "pk": 7, "fields": {"personalinfo": 7, "company": "Goodman and Roth LLCachyut", "title": "Expedita ipsam nemo ducimus dolor dignissimos cum", "course": "In dolorum quis repellendus Magni", "startingDate": "1981-04-23", "endingDate": "1985-03-23", "experienceInfo": "Totam neque quae iure rerum corporis incidunt voluptatem est itaque delectus nulla sit voluptatum dolor neque at"}}, {"model": "resume.experienceinfo", "pk": 8, "fields": {"personalinfo": 8, "company": "Chaney Joyner Inc", "title": "Consequatur culpa impedit qui est consectetur dolorem rem et eligendi dicta quia possimus ut fuga", "course": "Aperiam ipsum aut cumque minus labore qui aute", "startingDate": "2020-12-30", "endingDate": "1987-07-08", "experienceInfo": "Voluptatem Optio illum id illo"}}, {"model": "resume.experienceinfo", "pk": 9, "fields": {"personalinfo": 9, "company": "Copeland Gould Plc", "title": "Vel eligendi accusantium excepteur a dolor animi qui sint quod harum tenetur expedita est nobis perspiciatis quis", "course": "Deserunt voluptas non perferendis sit pariatur", "startingDate": "1981-05-13", "endingDate": "2021-01-10", "experienceInfo": "Aut laboriosam corporis dolor consequatur sit qui non"}}, {"model": "resume.experienceinfo", "pk": 12, "fields": {"personalinfo": 5, "company": "Burt and Byers Plc", "title": "Aut est in id elit reprehenderit", "course": "Laudantium id ut dolor illum tempore nihil repellendus Optio non obcaecati id unde qui sit quis", "startingDate": "1989-09-18", "endingDate": "1989-02-26", "experienceInfo": "Rerum eum pariatur Quas et officia animi at labore eum tenetur veniam repellendus Velit esse tempore placeat pariatur Consequatur sequi"}}, {"model": "resume.experienceinfo", "pk": 13, "fields": {"personalinfo": 12, "company": "Patterson and Warren Trading", "title": "Perferendis culpa minim aperiam cupidatat duis", "course": "Tempore nemo error adipisicing expedita voluptatibus est quia non", "startingDate": "1972-04-04", "endingDate": "1972-08-09", "experienceInfo": "Deserunt reprehenderit est totam autem dolore ad dolores repellendus Maxime nostrum sed quas qui ut hic ut"}}, {"model": "resume.experienceinfo", "pk": 14, "fields": {"personalinfo": 13, "company": "Reese and Lane Co", "title": "Saepe voluptatem et consequatur eu consectetur laborum eveniet molestias esse cum consequat In doloribus voluptas ut", "course": "Nulla inventore dolorum sequi vel quia culpa ratione", "startingDate": "1984-10-26", "endingDate": "1991-08-29", "experienceInfo": "Dicta quis ut cum temporibus exercitationem eos accusantium eos eaque"}}, {"model": "resume.experienceinfo", "pk": 15, "fields": {"personalinfo": 14, "company": "Morrison and Preston Traders", "title": "Rem alias molestiae sit hic modi excepturi ut possimus nesciunt ullam dolor fugit officia cillum", "course": "Culpa molestiae enim sed molestiae cillum eaque", "startingDate": "1987-09-06", "endingDate": "1985-03-26", "experienceInfo": "Illo eum occaecat dolorem earum sed consectetur facilis laboriosam id voluptas"}}, {"model": "resume.experienceinfo", "pk": 16, "fields": {"personalinfo": 15, "company": "Pitts and Byers Trading", "title": "Dolore aute nulla tempora a nulla", "course": "Aliquip voluptas ut dolore quas irure", "startingDate": "2000-09-30", "endingDate": "2018-03-24", "experienceInfo": "In optio dolore sed ipsum dolore similique anim hic mollitia ut iste"}}, {"model": "resume.experienceinfo", "pk": 17, "fields": {"personalinfo": 16, "company": "Meyers Wolf Traderstake", "title": "Quae laborum Eveniet veniam non fugiat sit eu take", "course": "Iure pariatur Velit et in sed nihil voluptatem Quia et", "startingDate": "2003-10-23", "endingDate": "2003-07-23", "experienceInfo": "Reprehenderit a blanditiis aliquip culpa et ipsum sunt dolorumtake"}}, {"model": "resume.experienceinfo", "pk": 18, "fields": {"personalinfo": 17, "company": "Johns Stokes LLC", "title": "Adipisci sint magni eu iste", "course": "Pariatur Eu cupiditate aliquid alias debitis ea magni", "startingDate": "1976-11-04", "endingDate": "2015-05-09", "experienceInfo": "Labore voluptate tempore aut tempora sed assumenda quisquam qui ut"}}, {"model": "resume.experienceinfo", "pk": 19, "fields": {"personalinfo": 18, "company": "Lopez Hicks Inc", "title": "Laborum Praesentium in sint blanditiis non dignissimos ipsa ex sed distinctio Eius vitae lorem deserunt", "course": "Python Developer", "startingDate": "1974-04-13", "endingDate": "1974-01-09", "experienceInfo": "I code in python and other different programming lanaguages"}}, {"model": "resume.experienceinfo", "pk": 20, "fields": {"personalinfo": 19, "company": "Elliott and Dennis Co", "title": "Vero dolorum esse magnam voluptate hic quam sed aliqua Voluptas rerum nihil nobis est autem sed", "course": "Minima dolor animi est impedit eos nobis non voluptas pariatur Quia non maxime facilis dolor laborum tempor aperiam", "startingDate": "1990-11-14", "endingDate": "2004-05-15", "experienceInfo": "Sunt eu quia et est molestias labore et in esse facilis non odio mollit qui aut"}}, {"model": "resume.experienceinfo", "pk": 21, "fields": {"personalinfo": 20, "company": "Bridges Cochran Co", "title": "Consectetur elit consequatur Aute ipsa omnis aliquip velit laudantium eveniet reiciendis dolore omnis cupidatat laborum Commodo tempor blanditiis pariatur Fuga", "course": "Velit beatae ex asperiores eum numquam reiciendis veritatis amet et repellendus Perferendis hic eos iste voluptas maiores sunt", "startingDate": "2003-04-28", "endingDate": "2005-01-06", "experienceInfo": "Exercitation aliquid occaecat maxime porro totam pariatur Sint cupidatat animi unde iusto corrupti reprehenderit architecto quia adipisci proident"}}, {"model": "resume.experienceinfo", "pk": 22, "fields": {"personalinfo": 21, "company": "Durham Kirkland Inc", "title": "Veritatis quaerat eu esse autem blanditiis consequat Laudantium temporibus nulla minima sit accusantium assumenda", "course": "Consequatur quibusdam nostrum in ad rerum perferendis voluptas placeat id id", "startingDate": "1974-07-01", "endingDate": "2010-02-09", "experienceInfo": "Vel aut explicabo Magni ex excepturi magnam quo"}}, {"model": "resume.experienceinfo", "pk": 23, "fields": {"personalinfo": 22, "company": "Newman and Weiss Co", "title": "Non exercitationem quibusdam cupiditate optio culpa proident et cum minus voluptas corrupti unde placeat soluta rerum ea atque", "course": "Enim eveniet pariatur Neque ullam aut harum voluptatem ducimus non error Nam culpa duis", "startingDate": "2018-04-04", "endingDate": "1987-08-13", "experienceInfo": "In debitis dolore autem quia"}}, {"model": "resume.experienceinfo", "pk": 24, "fields": {"personalinfo": 23, "company": "Chang and Todd Associates", "title": "Dolores iste in ad iure", "course": "Rerum tempore fuga Exercitation ad id animi quaerat irure voluptate ipsum incididunt minima eaque", "startingDate": "1977-04-09", "endingDate": "1996-09-18", "experienceInfo": "Saepe nihil perspiciatis velit quam quisquam sed expedita excepturi id"}}, {"model": "resume.experienceinfo", "pk": 25, "fields": {"personalinfo": 24, "company": "Witt and Mann Associates", "title": "In aspernatur eligendi architecto adipisicing aliquid culpa laboriosam qui lorem labore dolore consectetur ducimus nobis eu consequatur", "course": "Et et aliquip beatae vero magni pariatur Eveniet maiores", "startingDate": "2006-07-06", "endingDate": "1993-10-15", "experienceInfo": "Consequatur Aut consectetur earum molestiae labore ab et veniam ea nulla ratione ex velit voluptatibus corporis illum laboris"}}, {"model": "resume.experienceinfo", "pk": 26, "fields": {"personalinfo": 25, "company": "Deleon Rowe Inc", "title": "Temporibus veniam sunt non esse consequat Similique lorem quaerat provident mollitia recusandae Lorem ad fugiat dolore", "course": "Harum pariatur Ad in voluptatem quidem quod et nostrum ut magnam nostrum voluptas", "startingDate": "2021-06-01", "endingDate": "2021-06-20", "experienceInfo": "Dolorem porro eos aute in tempor"}}, {"model": "resume.experienceinfo", "pk": 27, "fields": {"personalinfo": 26, "company": "Coffey and Lamb LLC", "title": "Et reprehenderit harum qui aliquam ex omnis voluptatem quis delectus illo", "course": "Architecto vero eos ex et consequat Maiores enim proident est quisquam velit sapiente sunt eum id dolores voluptatem", "startingDate": "1980-08-25", "endingDate": "1991-08-09", "experienceInfo": "Voluptatibus omnis magnam proident nisi est error sit in quo sit quibusdam in ipsum non magnam reprehenderit obcaecati voluptas"}}, {"model": "resume.experienceinfo", "pk": 28, "fields": {"personalinfo": 27, "company": "Lee and Hall Associates", "title": "Culpa nobis impedit pariatur Iure quo hic quos ab sint", "course": "Consequatur aspernatur id irure amet qui ut corporis numquam ut eius beatae tenetur nisi", "startingDate": "2016-12-18", "endingDate": "2021-06-22", "experienceInfo": "Qui ipsa necessitatibus porro qui sapiente natus earum amet do dolore at vitae id animi voluptatem Quisquam"}}, {"model": "resume.experienceinfo", "pk": 29, "fields": {"personalinfo": 28, "company": "Steele and Wells LLC", "title": "Ducimus ut excepturi aut reprehenderit ut ratione ullam obcaecati sit reprehenderit quia sint expedita dolores ad magnam irure dicta ut", "course": "Molestias distinctio Et quo voluptas nisi cupidatat", "startingDate": "1995-03-03", "endingDate": "2011-08-23", "experienceInfo": "Impedit occaecat mollitia quis magni eiusmod a asperiores explicabo In rerum fugiat molestias reprehenderit deserunt quaerat ea"}}, {"model": "resume.experienceinfo", "pk": 30, "fields": {"personalinfo": 29, "company": "Roberson and Holt Co", "title": "Eligendi in consequatur aliquam quia quia reprehenderit eaque", "course": "Minima aut irure molestiae perspiciatis id pariatur Facilis quibusdam consequatur eos assumenda in", "startingDate": "2007-02-04", "endingDate": "2021-06-22", "experienceInfo": "Delectus qui aut qui deserunt temporibus ea pariatur Et id"}}, {"model": "resume.skills", "pk": 1, "fields": {"personalinfo": 1, "skill": "Incidunt et sint odit culpa consequatur Sed culpa"}}, {"model": "resume.skills", "pk": 2, "fields": {"personalinfo": 2, "skill": "anusha, python, django, networking"}}, {"model": "resume.skills", "pk": 3, "fields": {"personalinfo": 3, "skill": "Random Text , Random Text ,Random Text"}}, {"model": "resume.skills", "pk": 4, "fields": {"personalinfo": 4, "skill": "dart"}}, {"model": "resume.skills", "pk": 5, "fields": {"personalinfo": 4, "skill": "python"}}, {"model": "resume.skills", "pk": 6, "fields": {"personalinfo": 4, "skill": "java"}}, {"model": "resume.skills", "pk": 7, "fields": {"personalinfo": 4, "skill": "php"}}, {"model": "resume.skills", "pk": 8, "fields": {"personalinfo": 4, "skill": ""}}, {"model": "resume.skills", "pk": 9, "fields": {"personalinfo": 5, "skill": "Pariatur Esse voluptates ducimus voluptate animi cupiditate labore"}}, {"model": "resume.skills", "pk": 10, "fields": {"personalinfo": 6, "skill": "Id voluptatem eligendi est aliquid voluptas et accusamus vel dolore eu sunt a ut magni suscipit ad esse adipisci illo"}}, {"model": "resume.skills", "pk": 11, "fields": {"personalinfo": 7, "skill": "Saepe consectetur eiusmod achyut"}}, {"model": "resume.skills", "pk": 12, "fields": {"personalinfo": 8, "skill": "Proident voluptate voluptas autem eos cillum dolor quidem cumque"}}, {"model": "resume.skills", "pk": 13, "fields": {"personalinfo": 9, "skill": "Commodi voluptate officia aut perspiciatis consequat Suscipit nulla incididunt iste et perspiciatis sint sint accusamus id"}}, {"model": "resume.skills", "pk": 16, "fields": {"personalinfo": 5, "skill": "Vero molestias aliquam a recusandae"}}, {"model": "resume.skills", "pk": 17, "fields": {"personalinfo": 12, "skill": "Ipsum rerum hic unde impedit repudiandae ea quasi dolorum iste occaecat debitis pariatur Fugiat eaque quos recusandae Sit enim occaecat"}}, {"model": "resume.skills", "pk": 18, "fields": {"personalinfo": 13, "skill": "A eligendi quas porro enim aut ducimus ut velit ut consectetur ut qui est autem repellendus Ea commodi sit"}}, {"model": "resume.skills", "pk": 19, "fields": {"personalinfo": 14, "skill": "Perspiciatis ullam in assumenda eaque ipsum voluptas voluptatem mollitia"}}, {"model": "resume.skills", "pk": 20, "fields": {"personalinfo": 15, "skill": "Architecto occaecat sit dolor quasi necessitatibus dolores"}}, {"model": "resume.skills", "pk": 21, "fields": {"personalinfo": 16, "skill": "Illum quidem ipsum minim nihil magna quis id etake"}}, {"model": "resume.skills", "pk": 22, "fields": {"personalinfo": 17, "skill": "python, django, html, css"}}, {"model": "resume.skills", "pk": 23, "fields": {"personalinfo": 18, "skill": "python, django, html, css"}}, {"model": "resume.skills", "pk": 24, "fields": {"personalinfo": 19, "skill": "In duis quia sit iure alias ratione provident id laborum voluptatem Aspernatur deleniti"}}, {"model": "resume.skills", "pk": 25, "fields": {"personalinfo": 20, "skill": "Officia dolore nemo laboriosam autem dolore qui"}}, {"model": "resume.skills", "pk": 26, "fields": {"personalinfo": 21, "skill": "Ut rem omnis necessitatibus iure sed officia voluptatum"}}, {"model": "resume.skills", "pk": 27, "fields": {"personalinfo": 22, "skill": "Nulla fugiat tempora aliquip expedita obcaecati velit esse et sed beatae vel elit et quisquam"}}, {"model": "resume.skills", "pk": 28, "fields": {"personalinfo": 23, "skill": "python"}}, {"model": "resume.skills", "pk": 29, "fields": {"personalinfo": 23, "skill": "django"}}, {"model": "resume.skills", "pk": 30, "fields": {"personalinfo": 23, "skill": "react"}}, {"model": "resume.skills", "pk": 31, "fields": {"personalinfo": 23, "skill": "Html and Css"}}, {"model": "resume.skills", "pk": 32, "fields": {"personalinfo": 24, "skill": "Aliquip voluptatem ut rerum ut"}}, {"model": "resume.skills", "pk": 33, "fields": {"personalinfo": 25, "skill": "Sunt quod beatae minima earum laborum Quasi sint nesciunt aut laborum voluptatem voluptas cupidatat nobis aut sit accusamus et sit"}}, {"model": "resume.skills", "pk": 34, "fields": {"personalinfo": 26, "skill": "Dolor atque veniam rem modi quod consectetur voluptatem"}}, {"model": "resume.skills", "pk": 35, "fields": {"personalinfo": 27, "skill": "Nesciunt aut molestias doloremque aliquip accusantium distinctio Cumque vel repellendus Cum illo elit do"}}, {"model": "resume.skills", "pk": 36, "fields": {"personalinfo": 28, "skill": "Qui quia sit quis id deserunt dolore amet voluptatem omnis assumenda pariatur Voluptas ea quia sit sit ut ut ut"}}, {"model": "resume.skills", "pk": 37, "fields": {"personalinfo": 29, "skill": "Tenetur ad repellendus Omnis sed illum rerum in dolor sunt sit"}}, {"model": "resume.certificate", "pk": 1, "fields": {"personalinfo": 1, "certificate": "Qui est quia voluptatem quas culpa esse ad sed velit quaerat eaque vel", "certificateDate": "2017-08-14"}}, {"model": "resume.certificate", "pk": 2, "fields": {"personalinfo": 2, "certificate": "Django", "certificateDate": "2020-12-23"}}, {"model": "resume.certificate", "pk": 3, "fields": {"personalinfo": 3, "certificate": "Random Text", "certificateDate": "2020-12-23"}}, {"model": "resume.certificate", "pk": 4, "fields": {"personalinfo": 4, "certificate": "", "certificateDate": ""}}, {"model": "resume.certificate", "pk": 5, "fields": {"personalinfo": 5, "certificate": "Fugiat illo accusamus laboris aliquid molestiae commodi vel facere quia dolorem enim ipsum reprehenderit dolorum irure", "certificateDate": "1985-08-28"}}, {"model": "resume.certificate", "pk": 6, "fields": {"personalinfo": 6, "certificate": "Voluptatem consequat Veniam et voluptatum dignissimos aut est pariatur Enim", "certificateDate": "2014-11-30"}}, {"model": "resume.certificate", "pk": 7, "fields": {"personalinfo": 7, "certificate": "achyut", "certificateDate": "1987-08-07"}}, {"model": "resume.certificate", "pk": 8, "fields": {"personalinfo": 8, "certificate": "Et vel rerum ut consequatur quo magni tempora voluptatem qui officia veniam", "certificateDate": "2005-02-15"}}, {"model": "resume.certificate", "pk": 9, "fields": {"personalinfo": 9, "certificate": "Ea consequuntur quod beatae voluptatum laborum Qui placeat iusto esse est nostrum laborum repellendus", "certificateDate": "1997-07-16"}}, {"model": "resume.certificate", "pk": 12, "fields": {"personalinfo": 5, "certificate": "Sunt qui quo qui labore placeat sunt excepteur cupidatat necessitatibus ratione et qui", "certificateDate": "1995-11-21"}}, {"model": "resume.certificate", "pk": 13, "fields": {"personalinfo": 12, "certificate": "Qui ad qui pariatur Velit doloremque fugiat expedita possimus sunt", "certificateDate": "2016-11-08"}}, {"model": "resume.certificate", "pk": 14, "fields": {"personalinfo": 13, "certificate": "Voluptas aut pariatur Sequi cillum nihil nemo", "certificateDate": "1992-03-05"}}, {"model": "resume.certificate", "pk": 15, "fields": {"personalinfo": 14, "certificate": "Aute rerum labore ea tempore molestiae porro cumque excepteur delectus quia qui et porro assumenda qui voluptatibus", "certificateDate": "1972-08-08"}}, {"model": "resume.certificate", "pk": 16, "fields": {"personalinfo": 15, "certificate": "Ratione vitae quasi incididunt rerum laborum modi consequatur Odit similique maiores quam aut explicabo", "certificateDate": "2017-10-21"}}, {"model": "resume.certificate", "pk": 17, "fields": {"personalinfo": 16, "certificate": "Aut ut aut harum sed quia ut consequat Vtake", "certificateDate": "1986-01-23"}}, {"model": "resume.certificate", "pk": 18, "fields": {"personalinfo": 17, "certificate": "Perspiciatis magni commodi aperiam ipsa fuga Eius similique non repudiandae", "certificateDate": "1979-08-02"}}, {"model": "resume.certificate", "pk": 19, "fields": {"personalinfo": 18, "certificate": "python", "certificateDate": "1990-11-28"}}, {"model": "resume.certificate", "pk": 20, "fields": {"personalinfo": 19, "certificate": "Voluptatibus tempor et quam delectus consequatur Nemo ut ut ea ducimus aperiam eos quae est autem", "certificateDate": "1995-12-22"}}, {"model": "resume.certificate", "pk": 21, "fields": {"personalinfo": 20, "certificate": "Sit magnam et doloremque magna est dignissimos fugit nisi qui commodi sed at minim est quibusdam deserunt explicabo Aut", "certificateDate": "1987-09-16"}}, {"model": "resume.certificate", "pk": 22, "fields": {"personalinfo": 21, "certificate": "Dolor sed magni aute commodo eos repudiandae mollit non et excepteur lorem consectetur aliquam rerum est", "certificateDate": "2015-10-28"}}, {"model": "resume.certificate", "pk": 23, "fields": {"personalinfo": 22, "certificate": "Unde quibusdam explicabo Magni est expedita voluptatem commodi necessitatibus consequatur Nam deserunt ea proident cillum aut", "certificateDate": "1976-10-17"}}, {"model": "resume.certificate", "pk": 24, "fields": {"personalinfo": 23, "certificate": "Exercitation rerum proident fugiat n", "certificateDate": "1983-10-16"}}, {"model": "resume.certificate", "pk": 25, "fields": {"personalinfo": 23, "certificate": "Django framework (IT training Nepal)", "certificateDate": "2021-06-22"}}, {"model": "resume.certificate", "pk": 26, "fields": {"personalinfo": 24, "certificate": "Consequatur Blanditiis aliquid beatae perspiciatis eum amet in necessitatibus omnis delectus", "certificateDate": "2014-10-16"}}, {"model": "resume.certificate", "pk": 27, "fields": {"personalinfo": 25, "certificate": "Sequi ad culpa veniam molestiae consequat Qui in", "certificateDate": "1998-04-11"}}, {"model": "resume.certificate", "pk": 28, "fields": {"personalinfo": 26, "certificate": "Adipisci cum reiciendis consequuntur voluptatum est ipsam consequat Sed mollitia rerum excepteur dolore", "certificateDate": "2020-08-19"}}, {"model": "resume.certificate", "pk": 29, "fields": {"personalinfo": 27, "certificate": "Cillum enim vitae odit blanditiis impedit non laborum ut excepteur debitis id cupidatat pariatur Omnis ex omnis ab totam", "certificateDate": "2016-04-04"}}, {"model": "resume.certificate", "pk": 30, "fields": {"personalinfo": 28, "certificate": "Omnis quis consectetur doloremque nisi rerum voluptatum ut natus perspiciatis omnis accusantium magna saepe tempore", "certificateDate": "1972-12-31"}}, {"model": "resume.certificate", "pk": 31, "fields": {"personalinfo": 29, "certificate": "Est elit neque duis modi quia sunt veritatis amet eum inventore pariatur Quia quis qui et mollitia", "certificateDate": "2004-06-24"}}, {"model": "resume.language", "pk": 1, "fields": {"personalinfo": 1, "language": "Nepali"}}, {"model": "resume.language", "pk": 2, "fields": {"personalinfo": 2, "language": "Nepali"}}, {"model": "resume.language", "pk": 3, "fields": {"personalinfo": 2, "language": "Inglish"}}, {"model": "resume.language", "pk": 4, "fields": {"personalinfo": 3, "language": "Random Text"}}, {"model": "resume.language", "pk": 5, "fields": {"personalinfo": 3, "language": "Random Text"}}, {"model": "resume.language", "pk": 6, "fields": {"personalinfo": 3, "language": "Random Text"}}, {"model": "resume.language", "pk": 7, "fields": {"personalinfo": 4, "language": "nepali"}}, {"model": "resume.language", "pk": 8, "fields": {"personalinfo": 4, "language": "English"}}, {"model": "resume.language", "pk": 9, "fields": {"personalinfo": 5, "language": "Sit voluptatem laudantium eius ex deserunt quam sequi"}}, {"model": "resume.language", "pk": 10, "fields": {"personalinfo": 6, "language": "Commodi incidunt eos quae maxime magna ullam enim in eu sint est aut est culpa sint qui totam"}}, {"model": "resume.language", "pk": 11, "fields": {"personalinfo": 7, "language": "Nemo ullam reprehenderit ut porro achyut"}}, {"model": "resume.language", "pk": 12, "fields": {"personalinfo": 8, "language": "Debitis eos quas sunt irure reprehenderit dolore qui asperiores rerum sint nihil consequat Eos sit quam"}}, {"model": "resume.language", "pk": 13, "fields": {"personalinfo": 9, "language": "Ea modi officia nisi dolorum hic dolor non cupiditate in iste"}}, {"model": "resume.language", "pk": 16, "fields": {"personalinfo": 5, "language": "Architecto nisi omnis ut officia voluptates repudiandae aut beatae voluptatum"}}, {"model": "resume.language", "pk": 17, "fields": {"personalinfo": 12, "language": "Consequat Voluptas voluptas officia labore minima"}}, {"model": "resume.language", "pk": 18, "fields": {"personalinfo": 13, "language": "Illo aperiam fugiat vel laboriosam cupidatat beatae vel nemo elit minim aperiam do odit ab vel harum velit labore architecto"}}, {"model": "resume.language", "pk": 19, "fields": {"personalinfo": 14, "language": "Dolor eligendi deleniti totam neque sint consequatur dolores culpa minima veniam"}}, {"model": "resume.language", "pk": 20, "fields": {"personalinfo": 15, "language": "Enim assumenda ipsum dignissimos recusandae Ea soluta officia reprehenderit totam quia beatae hic ut amet laboris dolores"}}, {"model": "resume.language", "pk": 21, "fields": {"personalinfo": 16, "language": "nepalii"}}, {"model": "resume.language", "pk": 22, "fields": {"personalinfo": 17, "language": "Et perferendis voluptate in qui sint ducimus amet ut et eu"}}, {"model": "resume.language", "pk": 23, "fields": {"personalinfo": 18, "language": "Nepali"}}, {"model": "resume.language", "pk": 24, "fields": {"personalinfo": 18, "language": "English"}}, {"model": "resume.language", "pk": 25, "fields": {"personalinfo": 18, "language": "Hindi"}}, {"model": "resume.language", "pk": 26, "fields": {"personalinfo": 19, "language": "Dolor nostrum ut ab sit expedita officia quia vitae excepteur esse dolor adipisci molestias sunt"}}, {"model": "resume.language", "pk": 27, "fields": {"personalinfo": 20, "language": "Saepe voluptates facere temporibus enim deserunt excepteur aut dignissimos nobis in repellendus Voluptates nostrum irure ad dignissimos saepe"}}, {"model": "resume.language", "pk": 28, "fields": {"personalinfo": 21, "language": "Est autem rem labore accusantium quasi reiciendis velit dolor molestiae officia proident nihil"}}, {"model": "resume.language", "pk": 29, "fields": {"personalinfo": 22, "language": "Accusantium do sunt harum ea sit fugiat possimus eveniet at quasi nihil ad Nam vitae"}}, {"model": "resume.language", "pk": 30, "fields": {"personalinfo": 23, "language": "Ducimus sed qui earum est"}}, {"model": "resume.language", "pk": 31, "fields": {"personalinfo": 24, "language": "Cupidatat culpa modi voluptatibus qui"}}, {"model": "resume.language", "pk": 32, "fields": {"personalinfo": 25, "language": "Nihil labore eum enim tenetur at irure sequi eu exercitation nulla veniam"}}, {"model": "resume.language", "pk": 33, "fields": {"personalinfo": 26, "language": "Ea molestiae ipsam non ea sint sed omnis aut repellendus Obcaecati sed natus minima quidem atque nobis maxime"}}, {"model": "resume.language", "pk": 34, "fields": {"personalinfo": 27, "language": "Enim autem possimus ea excepteur numquam nihil voluptate non sit maxime quod"}}, {"model": "resume.language", "pk": 35, "fields": {"personalinfo": 28, "language": "Amet sint irure et laboriosam et unde"}}, {"model": "resume.language", "pk": 36, "fields": {"personalinfo": 29, "language": "Nisi do enim optio incidunt expedita"}}, {"model": "resume.personaldescription", "pk": 1, "fields": {"personalinfo": 1, "Job_title": "Vitae corporis accusamus amet impedit deleniti omnis voluptas ullamco esse ut cupidatat deserunt sed et natus consequatur enim aut voluptatum", "about": "Labore duis cupidatat illo est dicta dolor"}}, {"model": "resume.personaldescription", "pk": 2, "fields": {"personalinfo": 2, "Job_title": "Networking Data Analysis", "about": "This is anusha panta here, one and only nepali girl with this knowledge. \r\nFacebook id : True Networking Data Analysis Girl 123"}}, {"model": "resume.personaldescription", "pk": 3, "fields": {"personalinfo": 3, "Job_title": "About Me Achyut", "about": "About Me AchyutAbout Me AchyutAbout Me AchyutAbout Me AchyutAbout Me AchyutAbout Me AchyutAbout Me AchyutAbout Me Achyut About Me AchyutAbout Me Achyut"}}, {"model": "resume.personaldescription", "pk": 4, "fields": {"personalinfo": 4, "Job_title": "Dart Developer -Flutter master", "about": "i am a Dart Developer -Flutter master, Dart Developer -Flutter master ,Dart Developer -Flutter master,Dart Developer -Flutter masterDart Developer -Flutter master"}}, {"model": "resume.personaldescription", "pk": 5, "fields": {"personalinfo": 5, "Job_title": "", "about": ""}}, {"model": "resume.personaldescription", "pk": 6, "fields": {"personalinfo": 6, "Job_title": "Et nisi ea voluptatibus dolor quos", "about": "Laborum repudiandae sequi aut nisi est amet dolore exercitation irure ut voluptatem provident id"}}, {"model": "resume.personaldescription", "pk": 7, "fields": {"personalinfo": 7, "Job_title": "Irure assumenda repudiandae quo qui voluptatem nostrum", "about": "Dolorum pariatur Et id laborum Velit incidunt magnam aspernatur voluptatem Blanditiis"}}, {"model": "resume.personaldescription", "pk": 8, "fields": {"personalinfo": 8, "Job_title": "Corrupti sunt debitis esse dolore reiciendis ipsa reiciendis et sunt eos autem amet impedit dolor quas aliqua Omnis nobis", "about": "Officia odio odio doloribus delectus amet quaerat sit minus quia molestiae"}}, {"model": "resume.personaldescription", "pk": 9, "fields": {"personalinfo": 9, "Job_title": "Iste itaque fuga Autem velit veniam ad ex a", "about": "Quo deleniti dolores sunt consequat"}}, {"model": "resume.personaldescription", "pk": 12, "fields": {"personalinfo": 12, "Job_title": "Laborum Omnis minim rerum sint dolore quos quis placeat voluptatibus aut labore sint magnam eligendi rem minima", "about": "Deserunt cumque magni fuga Asperiores odit odio deserunt omnis voluptas"}}, {"model": "resume.personaldescription", "pk": 13, "fields": {"personalinfo": 13, "Job_title": "Est explicabo Est optio cillum et quis voluptatem duis repellendus Voluptatem minima at officia laborum Aliquip", "about": "Aperiam numquam non odio sit blanditiis consequatur In ipsum dolore cupidatat et voluptate et et dolor"}}, {"model": "resume.personaldescription", "pk": 14, "fields": {"personalinfo": 14, "Job_title": "Ipsam proident aliquip dolores eum omnis ut ea officiis eos et labore iusto aspernatur veniam ipsum", "about": "Minus quod sit tenetur ut nulla atque veritatis voluptas minus corrupti odio"}}, {"model": "resume.personaldescription", "pk": 15, "fields": {"personalinfo": 15, "Job_title": "Commodi eos quis aliquam voluptas sequi dolorem numquam quis nisi eiusmod dolor minima iure et", "about": "Pariatur Quisquam laborum qui reprehenderit nihil iure et minima et sequi quis enim consequatur"}}, {"model": "resume.personaldescription", "pk": 16, "fields": {"personalinfo": 16, "Job_title": "Consequat Odit quo est labore alias ea quia qui anim distinctio Sunt eos", "about": "Ea sed error necessitatibus et voluptas mollitia facilis consectetur hic omnis"}}, {"model": "resume.personaldescription", "pk": 17, "fields": {"personalinfo": 17, "Job_title": "Sit reprehenderit anim ullam eligendi sunt reprehenderit cupiditate sit laboriosam accusamus voluptatum elit", "about": "Molestias dolor enim voluptatem ad rerum vero odit optio velit fugiat voluptatibus exercitation atque, python developer"}}, {"model": "resume.personaldescription", "pk": 18, "fields": {"personalinfo": 18, "Job_title": "Python Developer", "about": "i am a python django developer. i like to code in python as backend and react as frontend"}}, {"model": "resume.personaldescription", "pk": 19, "fields": {"personalinfo": 19, "Job_title": "Qui soluta dolor in labore", "about": "Mollit est quasi excepteur magni eos et"}}, {"model": "resume.personaldescription", "pk": 20, "fields": {"personalinfo": 20, "Job_title": "Perspiciatis illo sed est dolore omnis vitae soluta nisi dolores nostrud velit culpa quos voluptatibus tempor sed vitae aspernatur minus", "about": "Quisquam saepe ab voluptatem tenetur repudiandae asperiores fugiat error rerum voluptas architecto"}}, {"model": "resume.personaldescription", "pk": 21, "fields": {"personalinfo": 21, "Job_title": "Id quod pariatur Voluptatem id repudiandae distinctio Iure molestiae voluptatem aliqua Quos qui distinctio Fugiat velit cumque cum", "about": "Dolore ut eligendi corrupti debitis molestiae consequatur nisi aliquam"}}, {"model": "resume.personaldescription", "pk": 22, "fields": {"personalinfo": 22, "Job_title": "Corrupti delectus veniam labore voluptatum nostrum eiusmod et exercitation consectetur ipsum illum corporis nisi deserunt", "about": "Reprehenderit quo in rerum enim sit anim et voluptatem mollitia non voluptas sunt est pariatur Exercitation ipsam inventore ea corrupti"}}, {"model": "resume.personaldescription", "pk": 23, "fields": {"personalinfo": 23, "Job_title": "Mollit elit lorem cupiditate doloribus placeat odit sint cumque beatae commodi consequat Assumenda", "about": "Iste corporis atque quos omnis at sunt possimus aut placeat odit quasi saepe tempora voluptatem non"}}, {"model": "resume.personaldescription", "pk": 24, "fields": {"personalinfo": 24, "Job_title": "Perferendis qui quod facere quis", "about": "Cillum dolor voluptatem Provident molestias impedit nesciunt do ducimus ut non vel quia porro enim aut ut ut nulla"}}, {"model": "resume.personaldescription", "pk": 25, "fields": {"personalinfo": 25, "Job_title": "Dolore dolores qui qui temporibus maiores nulla perferendis reiciendis est adipisicing autem", "about": "Tenetur quia occaecat est velit facilis inventore et a dicta ut nulla sit dolorum tenetur sit sed adipisicing sint"}}, {"model": "resume.personaldescription", "pk": 26, "fields": {"personalinfo": 26, "Job_title": "Saepe aut ut et voluptas perspiciatis nisi est quasi eos amet sint ea id velit reprehenderit porro sunt dolorum ut", "about": "Est laborum hic veniam minus"}}, {"model": "resume.personaldescription", "pk": 27, "fields": {"personalinfo": 27, "Job_title": "Laboris proident non ab nobis non tenetur hic ut omnis est exercitationem nobis tenetur eveniet molestiae dolores qui", "about": "Accusamus consequat Possimus ipsam debitis dolor reprehenderit doloremque velit veniam aspernatur vero eligendi"}}, {"model": "resume.personaldescription", "pk": 28, "fields": {"personalinfo": 28, "Job_title": "Eos nihil occaecat impedit sit tenetur sunt natus veniam at incidunt Nam molestias", "about": "Nostrum aliquip fugiat sequi consectetur ut quas"}}, {"model": "resume.personaldescription", "pk": 29, "fields": {"personalinfo": 29, "Job_title": "Quam laborum consequatur ad fugit non tempor libero amet maxime incidunt qui at corporis earum cupidatat delectus provident", "about": "Incidunt aut eu dolorem corrupti molestias ea provident maxime eligendi omnis nobis et quod soluta quisquam est fugiat sit"}}, {"model": "resume.others", "pk": 1, "fields": {"personalinfo": 1, "title": "Est quaerat ut voluptas veniam neque totam totam error provident tempora nihil est impedit ut occaecat tempore", "introduction": "Voluptas aut sunt dicta et eos dicta est veniam pariatur Ipsum praesentium fugiat laborum Asperiores accusamus nostrud duis id quo"}}, {"model": "resume.others", "pk": 2, "fields": {"personalinfo": 2, "title": "Hobbies", "introduction": "I like to play cricket and football. sometime i prefer to study online books. \r\nDancing infront of my college friends give me special vibes."}}, {"model": "resume.others", "pk": 3, "fields": {"personalinfo": 3, "title": "Random Text", "introduction": "Random Text Random Text Random Text Random Text Random Text Random Text Random Text Random Text Random Text Random Text Random Text Random Text"}}, {"model": "resume.others", "pk": 4, "fields": {"personalinfo": 4, "title": "Hobby", "introduction": "my hobby is to play cric. my hobby is to play cric .my hobby is to play cricmy hobby is to play cric.my hobby is to play cric .my hobby is to play cric"}}, {"model": "resume.others", "pk": 5, "fields": {"personalinfo": 5, "title": "Veniam occaecat delectus qui voluptate cillum quia distinctio", "introduction": "Iusto quia deserunt veniam libero et in illum"}}, {"model": "resume.others", "pk": 6, "fields": {"personalinfo": 6, "title": "Aperiam beatae iusto in necessitatibus odio explicabo Excepturi assumenda molestias cum debitis", "introduction": "Obcaecati sint itaque consequatur Quas asperiores atque beatae possimus"}}, {"model": "resume.others", "pk": 7, "fields": {"personalinfo": 7, "title": "Debitis qui nulla assumenda velit incididunt irure repellendus Possimus quae nobis voluptatibus et dolores velit facilis ea", "introduction": "Eveniet doloremque culpa aperiam voluptas velit autem sunt quiaaaa ach"}}, {"model": "resume.others", "pk": 8, "fields": {"personalinfo": 8, "title": "Aut veniam culpa ipsum cum tenetur odit numquam omnis nemo quas quis", "introduction": "Doloremque amet velit nostrum totam non sit"}}, {"model": "resume.others", "pk": 9, "fields": {"personalinfo": 9, "title": "anusha", "introduction": "Nostrud quia non eveniet laudantium"}}, {"model": "resume.others", "pk": 12, "fields": {"personalinfo": 5, "title": "Porro sunt assumenda excepturi est consectetur qui qui sint", "introduction": "Recusandae Velit facere delectus cupidatat sit qui"}}, {"model": "resume.others", "pk": 13, "fields": {"personalinfo": 12, "title": "Quo ea repudiandae quidem qui doloremque sit mollitia nisi ipsum esse et", "introduction": "Magna voluptate consectetur delectus quasi placeat sunt ex quibusdam excepturi"}}, {"model": "resume.others", "pk": 14, "fields": {"personalinfo": 1, "title": "Est quaerat ut voluptas veniam neque totam totam error provident tempora nihil est impedit ut occaecat tempore", "introduction": "Voluptas aut sunt dicta et eos dicta est veniam pariatur"}}, {"model": "resume.others", "pk": 15, "fields": {"personalinfo": 13, "title": "Et odio esse sit enim ratione quidem quod voluptatem Et in voluptates sed ipsa at", "introduction": "Reprehenderit architecto similique occaecat nisi dolore mollit proident sed itaque aut et velit iure in vitae eveniet enim quo"}}, {"model": "resume.others", "pk": 16, "fields": {"personalinfo": 14, "title": "Deserunt quia repudiandae eligendi nisi ut vel enim vel amet perferendis quibusdam facilis amet corrupti", "introduction": "Voluptas laboriosam amet sit tenetur nostrum aliquam amet"}}, {"model": "resume.others", "pk": 17, "fields": {"personalinfo": 15, "title": "Sint asperiores voluptas omnis nulla perferendis laboris non mollitia veritatis anim placeat consequat Reprehenderit sed dolores quis laboriosam animi hic", "introduction": "Minim provident tenetur atque iusto quis aute omnis"}}, {"model": "resume.others", "pk": 18, "fields": {"personalinfo": 16, "title": "Pariatur Quia odit et expedita reprehenderians", "introduction": "Cillum possimus est sapiente rerum dolore voluptas tempor dolore vero iusto et dolor et et"}}, {"model": "resume.others", "pk": 19, "fields": {"personalinfo": 17, "title": "Voluptate velit sunt quia mollitia maxime et in neque reprehenderit nemo fugiat omnis minim ea commodi enim cillum ut", "introduction": "certified in django and python"}}, {"model": "resume.others", "pk": 20, "fields": {"personalinfo": 18, "title": "Quasi maxime ad illo cum dicta dolor aliquam ut tempore ea odio adipisicing", "introduction": "Incidunt possimus quia quaerat nisi aspernatur tempor veniam voluptas quam dolore consectetur velit illo"}}, {"model": "resume.others", "pk": 21, "fields": {"personalinfo": 19, "title": "Voluptas molestiae est corporis cillum consequuntur commodi libero deleniti animi nostrum ut omnis", "introduction": "Ullam molestias velit cupidatat sed nemo incidunt amet"}}, {"model": "resume.others", "pk": 22, "fields": {"personalinfo": 20, "title": "Quo dolore blanditiis non tempor eius delectus non velit molestiae provident pariatur Dolor minim porro ipsam impedit facere illo", "introduction": "Minus earum voluptatem doloribus adipisicing dolorem mollitia deserunt ad dolorum iusto reprehenderit est aute"}}, {"model": "resume.others", "pk": 23, "fields": {"personalinfo": 21, "title": "Vero nesciunt temporibus quis suscipit voluptatem vero et", "introduction": "Fugit assumenda minima voluptatum eum et autem et"}}, {"model": "resume.others", "pk": 24, "fields": {"personalinfo": 22, "title": "Aperiam et voluptatem aut veritatis autem", "introduction": "Sit dolorem veniam maxime deserunt molestiae ut itaque rerum ut voluptatibus recusandae Ipsum et nesciunt"}}, {"model": "resume.others", "pk": 25, "fields": {"personalinfo": 23, "title": "Culpa sapiente irure quis dolorem molestiae cupidatat sit rerum qui enim autem lorem omnis iure iste", "introduction": "Molestias ut reprehenderit voluptas vel saepe qui aliquam minim ducimus qui omnis cillum placeat in aliquid cupiditate consequatur"}}, {"model": "resume.others", "pk": 26, "fields": {"personalinfo": 24, "title": "Ea saepe et nisi eligendi vero doloremque nulla adipisci", "introduction": "Dolorem quisquam ea dolor ipsum irure laborum rerum voluptas enim consequatur deleniti sint sunt"}}, {"model": "resume.others", "pk": 27, "fields": {"personalinfo": 25, "title": "Nisi iusto velit suscipit quaerat in culpa rerum consequatur repellendus Alias", "introduction": "Maiores laudantium dolores pariatur Voluptas"}}, {"model": "resume.others", "pk": 28, "fields": {"personalinfo": 26, "title": "Odio hic nobis tempor sapiente dignissimos id tempor mollitia laboris blanditiis excepteur voluptatem ipsum", "introduction": "Suscipit dolore nobis esse qui eveniet amet ipsam qui non ut amet eiusmod culpa sint culpa voluptates quibusdam qui"}}, {"model": "resume.others", "pk": 29, "fields": {"personalinfo": 27, "title": "Et incidunt quos porro distinctio Eveniet excepteur voluptatem et pariatur In non incididunt magnam", "introduction": "Labore ipsam labore est dolor esse ea nostrum eos quasi amet beatae eaque duis quas consequatur Do et omnis omnis"}}, {"model": "resume.others", "pk": 30, "fields": {"personalinfo": 27, "title": "affsa", "introduction": "sdfgdfhd aab"}}, {"model": "resume.others", "pk": 31, "fields": {"personalinfo": 28, "title": "Dolor eum eius nesciunt recusandae Dolor", "introduction": "Ea iure tenetur voluptate esse omnis modi fugiat corporis sed recusandae Id omnis"}}, {"model": "resume.others", "pk": 32, "fields": {"personalinfo": 29, "title": "Animi quisquam eligendi pariatur Quam voluptatem Sed quo eum aut eos error ratione nesciunt et voluptas ut", "introduction": "Obcaecati et debitis in voluptatem Ipsa non sit illo vero necessitatibus magnam molestias et ex tempore"}}, {"model": "resume.messagebox", "pk": 1, "fields": {"created_date": "2021-05-03", "full_Name": "achyut Neupane", "email": "achyut1324@gmail.com", "subject": "testing", "message": "hello testing my fitst cntatct form"}}, {"model": "personality.personalitytype", "pk": 1, "fields": {"name": "Openness"}}, {"model": "personality.personalitytype", "pk": 2, "fields": {"name": "Conscientiousness"}}, {"model": "personality.personalitytype", "pk": 3, "fields": {"name": "Extroversion"}}, {"model": "personality.personalitytype", "pk": 4, "fields": {"name": "Agreeableness"}}, {"model": "personality.personalitytype", "pk": 5, "fields": {"name": "Neuroticism"}}, {"model": "personality.personalityquestion", "pk": 1, "fields": {"question_text": "I have a rich vocabulary.", "category": 1}}, {"model": "personality.personalityquestion", "pk": 2, "fields": {"question_text": "I have difficulty understanding abstract ideas.", "category": 1}}, {"model": "personality.personalityquestion", "pk": 3, "fields": {"question_text": "I have a vivid imagination.", "category": 1}}, {"model": "personality.personalityquestion", "pk": 4, "fields": {"question_text": "I am not interested in abstract ideas.", "category": 1}}, {"model": "personality.personalityquestion", "pk": 5, "fields": {"question_text": "I have excellent ideas", "category": 1}}, {"model": "personality.personalityquestion", "pk": 6, "fields": {"question_text": "I do not have a good imagination.", "category": 1}}, {"model": "personality.personalityquestion", "pk": 8, "fields": {"question_text": "I am quick to understand things.", "category": 1}}, {"model": "personality.personalityquestion", "pk": 9, "fields": {"question_text": "I use difficult words.", "category": 1}}, {"model": "personality.personalityquestion", "pk": 10, "fields": {"question_text": "I spend time reflecting on things.", "category": 1}}, {"model": "personality.personalityquestion", "pk": 11, "fields": {"question_text": "I am full of ideas.", "category": 1}}, {"model": "personality.personalityquestion", "pk": 12, "fields": {"question_text": "I am always prepared.", "category": 2}}, {"model": "personality.personalityquestion", "pk": 13, "fields": {"question_text": "I leave my belongings around.", "category": 2}}, {"model": "personality.personalityquestion", "pk": 14, "fields": {"question_text": "I pay attention to details.", "category": 2}}, {"model": "personality.personalityquestion", "pk": 15, "fields": {"question_text": "I make a mess of things.", "category": 2}}, {"model": "personality.personalityquestion", "pk": 16, "fields": {"question_text": "I get chores done right away.", "category": 2}}, {"model": "personality.personalityquestion", "pk": 17, "fields": {"question_text": "I often forget to put things back in their proper place.", "category": 2}}, {"model": "personality.personalityquestion", "pk": 18, "fields": {"question_text": "I like order.", "category": 2}}, {"model": "personality.personalityquestion", "pk": 19, "fields": {"question_text": "I shirk my duties.", "category": 2}}, {"model": "personality.personalityquestion", "pk": 20, "fields": {"question_text": "I follow a schedule.", "category": 2}}, {"model": "personality.personalityquestion", "pk": 21, "fields": {"question_text": "I am exacting in my work.", "category": 2}}, {"model": "personality.personalityquestion", "pk": 22, "fields": {"question_text": "I am the life of the party.", "category": 3}}, {"model": "personality.personalityquestion", "pk": 23, "fields": {"question_text": "I don't talk a lot.", "category": 3}}, {"model": "personality.personalityquestion", "pk": 24, "fields": {"question_text": "I feel comfortable around people.", "category": 3}}, {"model": "personality.personalityquestion", "pk": 25, "fields": {"question_text": "I keep in the background.", "category": 3}}, {"model": "personality.personalityquestion", "pk": 26, "fields": {"question_text": "I start conversations.", "category": 3}}, {"model": "personality.personalityquestion", "pk": 27, "fields": {"question_text": "I have little to say.", "category": 3}}, {"model": "personality.personalityquestion", "pk": 28, "fields": {"question_text": "I talk to a lot of different people at parties.", "category": 3}}, {"model": "personality.personalityquestion", "pk": 29, "fields": {"question_text": "I don't like to draw attention to myself.", "category": 3}}, {"model": "personality.personalityquestion", "pk": 30, "fields": {"question_text": "I don't mind being the center of attention.", "category": 3}}, {"model": "personality.personalityquestion", "pk": 31, "fields": {"question_text": "I am quiet around strangers.", "category": 3}}, {"model": "personality.personalityquestion", "pk": 32, "fields": {"question_text": "I feel little concern for others.", "category": 4}}, {"model": "personality.personalityquestion", "pk": 33, "fields": {"question_text": "I am interested in people.", "category": 4}}, {"model": "personality.personalityquestion", "pk": 34, "fields": {"question_text": "I insult people.", "category": 4}}, {"model": "personality.personalityquestion", "pk": 35, "fields": {"question_text": "I sympathize with others' feelings.", "category": 4}}, {"model": "personality.personalityquestion", "pk": 36, "fields": {"question_text": "I am not interested in other people's problems.", "category": 4}}, {"model": "personality.personalityquestion", "pk": 37, "fields": {"question_text": "I have a soft heart.", "category": 4}}, {"model": "personality.personalityquestion", "pk": 38, "fields": {"question_text": "I am not really interested in others.", "category": 4}}, {"model": "personality.personalityquestion", "pk": 39, "fields": {"question_text": "I take time out for others.", "category": 4}}, {"model": "personality.personalityquestion", "pk": 40, "fields": {"question_text": "I feel others' emotions.", "category": 4}}, {"model": "personality.personalityquestion", "pk": 41, "fields": {"question_text": "I make people feel at ease.", "category": 4}}, {"model": "personality.personalityquestion", "pk": 42, "fields": {"question_text": "I get stressed out easily.", "category": 5}}, {"model": "personality.personalityquestion", "pk": 43, "fields": {"question_text": "I am relaxed most of the time.", "category": 5}}, {"model": "personality.personalityquestion", "pk": 44, "fields": {"question_text": "I worry about things.", "category": 5}}, {"model": "personality.personalityquestion", "pk": 45, "fields": {"question_text": "I seldom feel blue.", "category": 5}}, {"model": "personality.personalityquestion", "pk": 46, "fields": {"question_text": "I am easily disturbed.", "category": 5}}, {"model": "personality.personalityquestion", "pk": 47, "fields": {"question_text": "I get upset easily.", "category": 5}}, {"model": "personality.personalityquestion", "pk": 48, "fields": {"question_text": "I change my mood a lot.", "category": 5}}, {"model": "personality.personalityquestion", "pk": 49, "fields": {"question_text": "I have frequent mood swings.", "category": 5}}, {"model": "personality.personalityquestion", "pk": 50, "fields": {"question_text": "I get irritated easily.", "category": 5}}, {"model": "personality.personalityquestion", "pk": 51, "fields": {"question_text": "I often feel blue.", "category": 5}}, {"model": "personality.personalityresult", "pk": 1, "fields": {"category": 1, "best_result": "You are more open to new experience and have a love of learning, creativity ,arts and loves to interact with new people.", "bad_result": "You tend to stick in daily routine rather than variety and be surrounded with the things ,people you know well and prefers less creativity task and entertainment."}}, {"model": "personality.personalityresult", "pk": 2, "fields": {"category": 2, "best_result": "You are likely to be more successful in your career ,have leadership skills and you are determined to purse your goals.", "bad_result": "You are quite impulsive and  tends to procrastinate."}}, {"model": "personality.personalityresult", "pk": 3, "fields": {"category": 3, "best_result": "You seems to be comfortable around new people and interact with them .You are often \"life of the party\".", "bad_result": "You seems to be quiet ,reserved and thoughtful."}}, {"model": "personality.personalityresult", "pk": 4, "fields": {"category": 4, "best_result": "You tend to be well-liked, respected, and sensitive to the needs of others, have few enemies and are affectionate to your friends and loved ones, as well as sympathetic to the plights of strangers.", "bad_result": "You are less likely to be trusted as you may seems to be sarcastic and impolite ."}}, {"model": "personality.personalityresult", "pk": 5, "fields": {"category": 5, "best_result": "You are confident ,brave, sure of yourself and adventurous.", "bad_result": "You are generally prone to anxiety, sadness, worry, and low self-esteem. You may be temperamental or easily angered, and seems to be self- conscious and unsure of themselves."}}, {"model": "auth.permission", "pk": 1, "fields": {"name": "Can add log entry", "content_type": 1, "codename": "add_logentry"}}, {"model": "auth.permission", "pk": 2, "fields": {"name": "Can change log entry", "content_type": 1, "codename": "change_logentry"}}, {"model": "auth.permission", "pk": 3, "fields": {"name": "Can delete log entry", "content_type": 1, "codename": "delete_logentry"}}, {"model": "auth.permission", "pk": 4, "fields": {"name": "Can view log entry", "content_type": 1, "codename": "view_logentry"}}, {"model": "auth.permission", "pk": 5, "fields": {"name": "Can add permission", "content_type": 2, "codename": "add_permission"}}, {"model": "auth.permission", "pk": 6, "fields": {"name": "Can change permission", "content_type": 2, "codename": "change_permission"}}, {"model": "auth.permission", "pk": 7, "fields": {"name": "Can delete permission", "content_type": 2, "codename": "delete_permission"}}, {"model": "auth.permission", "pk": 8, "fields": {"name": "Can view permission", "content_type": 2, "codename": "view_permission"}}, {"model": "auth.permission", "pk": 9, "fields": {"name": "Can add group", "content_type": 3, "codename": "add_group"}}, {"model": "auth.permission", "pk": 10, "fields": {"name": "Can change group", "content_type": 3, "codename": "change_group"}}, {"model": "auth.permission", "pk": 11, "fields": {"name": "Can delete group", "content_type": 3, "codename": "delete_group"}}, {"model": "auth.permission", "pk": 12, "fields": {"name": "Can view group", "content_type": 3, "codename": "view_group"}}, {"model": "auth.permission", "pk": 13, "fields": {"name": "Can add user", "content_type": 4, "codename": "add_user"}}, {"model": "auth.permission", "pk": 14, "fields": {"name": "Can change user", "content_type": 4, "codename": "change_user"}}, {"model": "auth.permission", "pk": 15, "fields": {"name": "Can delete user", "content_type": 4, "codename": "delete_user"}}, {"model": "auth.permission", "pk": 16, "fields": {"name": "Can view user", "content_type": 4, "codename": "view_user"}}, {"model": "auth.permission", "pk": 17, "fields": {"name": "Can add content type", "content_type": 5, "codename": "add_contenttype"}}, {"model": "auth.permission", "pk": 18, "fields": {"name": "Can change content type", "content_type": 5, "codename": "change_contenttype"}}, {"model": "auth.permission", "pk": 19, "fields": {"name": "Can delete content type", "content_type": 5, "codename": "delete_contenttype"}}, {"model": "auth.permission", "pk": 20, "fields": {"name": "Can view content type", "content_type": 5, "codename": "view_contenttype"}}, {"model": "auth.permission", "pk": 21, "fields": {"name": "Can add session", "content_type": 6, "codename": "add_session"}}, {"model": "auth.permission", "pk": 22, "fields": {"name": "Can change session", "content_type": 6, "codename": "change_session"}}, {"model": "auth.permission", "pk": 23, "fields": {"name": "Can delete session", "content_type": 6, "codename": "delete_session"}}, {"model": "auth.permission", "pk": 24, "fields": {"name": "Can view session", "content_type": 6, "codename": "view_session"}}, {"model": "auth.permission", "pk": 25, "fields": {"name": "Can add applicant", "content_type": 7, "codename": "add_applicant"}}, {"model": "auth.permission", "pk": 26, "fields": {"name": "Can change applicant", "content_type": 7, "codename": "change_applicant"}}, {"model": "auth.permission", "pk": 27, "fields": {"name": "Can delete applicant", "content_type": 7, "codename": "delete_applicant"}}, {"model": "auth.permission", "pk": 28, "fields": {"name": "Can view applicant", "content_type": 7, "codename": "view_applicant"}}, {"model": "auth.permission", "pk": 29, "fields": {"name": "Can add personal info", "content_type": 8, "codename": "add_personalinfo"}}, {"model": "auth.permission", "pk": 30, "fields": {"name": "Can change personal info", "content_type": 8, "codename": "change_personalinfo"}}, {"model": "auth.permission", "pk": 31, "fields": {"name": "Can delete personal info", "content_type": 8, "codename": "delete_personalinfo"}}, {"model": "auth.permission", "pk": 32, "fields": {"name": "Can view personal info", "content_type": 8, "codename": "view_personalinfo"}}, {"model": "auth.permission", "pk": 33, "fields": {"name": "Can add templates", "content_type": 9, "codename": "add_templates"}}, {"model": "auth.permission", "pk": 34, "fields": {"name": "Can change templates", "content_type": 9, "codename": "change_templates"}}, {"model": "auth.permission", "pk": 35, "fields": {"name": "Can delete templates", "content_type": 9, "codename": "delete_templates"}}, {"model": "auth.permission", "pk": 36, "fields": {"name": "Can view templates", "content_type": 9, "codename": "view_templates"}}, {"model": "auth.permission", "pk": 37, "fields": {"name": "Can add skills", "content_type": 10, "codename": "add_skills"}}, {"model": "auth.permission", "pk": 38, "fields": {"name": "Can change skills", "content_type": 10, "codename": "change_skills"}}, {"model": "auth.permission", "pk": 39, "fields": {"name": "Can delete skills", "content_type": 10, "codename": "delete_skills"}}, {"model": "auth.permission", "pk": 40, "fields": {"name": "Can view skills", "content_type": 10, "codename": "view_skills"}}, {"model": "auth.permission", "pk": 41, "fields": {"name": "Can add personal description", "content_type": 11, "codename": "add_personaldescription"}}, {"model": "auth.permission", "pk": 42, "fields": {"name": "Can change personal description", "content_type": 11, "codename": "change_personaldescription"}}, {"model": "auth.permission", "pk": 43, "fields": {"name": "Can delete personal description", "content_type": 11, "codename": "delete_personaldescription"}}, {"model": "auth.permission", "pk": 44, "fields": {"name": "Can view personal description", "content_type": 11, "codename": "view_personaldescription"}}, {"model": "auth.permission", "pk": 45, "fields": {"name": "Can add others", "content_type": 12, "codename": "add_others"}}, {"model": "auth.permission", "pk": 46, "fields": {"name": "Can change others", "content_type": 12, "codename": "change_others"}}, {"model": "auth.permission", "pk": 47, "fields": {"name": "Can delete others", "content_type": 12, "codename": "delete_others"}}, {"model": "auth.permission", "pk": 48, "fields": {"name": "Can view others", "content_type": 12, "codename": "view_others"}}, {"model": "auth.permission", "pk": 49, "fields": {"name": "Can add language", "content_type": 13, "codename": "add_language"}}, {"model": "auth.permission", "pk": 50, "fields": {"name": "Can change language", "content_type": 13, "codename": "change_language"}}, {"model": "auth.permission", "pk": 51, "fields": {"name": "Can delete language", "content_type": 13, "codename": "delete_language"}}, {"model": "auth.permission", "pk": 52, "fields": {"name": "Can view language", "content_type": 13, "codename": "view_language"}}, {"model": "auth.permission", "pk": 53, "fields": {"name": "Can add experience info", "content_type": 14, "codename": "add_experienceinfo"}}, {"model": "auth.permission", "pk": 54, "fields": {"name": "Can change experience info", "content_type": 14, "codename": "change_experienceinfo"}}, {"model": "auth.permission", "pk": 55, "fields": {"name": "Can delete experience info", "content_type": 14, "codename": "delete_experienceinfo"}}, {"model": "auth.permission", "pk": 56, "fields": {"name": "Can view experience info", "content_type": 14, "codename": "view_experienceinfo"}}, {"model": "auth.permission", "pk": 57, "fields": {"name": "Can add educational info", "content_type": 15, "codename": "add_educationalinfo"}}, {"model": "auth.permission", "pk": 58, "fields": {"name": "Can change educational info", "content_type": 15, "codename": "change_educationalinfo"}}, {"model": "auth.permission", "pk": 59, "fields": {"name": "Can delete educational info", "content_type": 15, "codename": "delete_educationalinfo"}}, {"model": "auth.permission", "pk": 60, "fields": {"name": "Can view educational info", "content_type": 15, "codename": "view_educationalinfo"}}, {"model": "auth.permission", "pk": 61, "fields": {"name": "Can add certificate", "content_type": 16, "codename": "add_certificate"}}, {"model": "auth.permission", "pk": 62, "fields": {"name": "Can change certificate", "content_type": 16, "codename": "change_certificate"}}, {"model": "auth.permission", "pk": 63, "fields": {"name": "Can delete certificate", "content_type": 16, "codename": "delete_certificate"}}, {"model": "auth.permission", "pk": 64, "fields": {"name": "Can view certificate", "content_type": 16, "codename": "view_certificate"}}, {"model": "auth.permission", "pk": 65, "fields": {"name": "Can add personality type", "content_type": 17, "codename": "add_personalitytype"}}, {"model": "auth.permission", "pk": 66, "fields": {"name": "Can change personality type", "content_type": 17, "codename": "change_personalitytype"}}, {"model": "auth.permission", "pk": 67, "fields": {"name": "Can delete personality type", "content_type": 17, "codename": "delete_personalitytype"}}, {"model": "auth.permission", "pk": 68, "fields": {"name": "Can view personality type", "content_type": 17, "codename": "view_personalitytype"}}, {"model": "auth.permission", "pk": 69, "fields": {"name": "Can add test question", "content_type": 18, "codename": "add_testquestion"}}, {"model": "auth.permission", "pk": 70, "fields": {"name": "Can change test question", "content_type": 18, "codename": "change_testquestion"}}, {"model": "auth.permission", "pk": 71, "fields": {"name": "Can delete test question", "content_type": 18, "codename": "delete_testquestion"}}, {"model": "auth.permission", "pk": 72, "fields": {"name": "Can view test question", "content_type": 18, "codename": "view_testquestion"}}, {"model": "auth.permission", "pk": 73, "fields": {"name": "Can add test choice", "content_type": 19, "codename": "add_testchoice"}}, {"model": "auth.permission", "pk": 74, "fields": {"name": "Can change test choice", "content_type": 19, "codename": "change_testchoice"}}, {"model": "auth.permission", "pk": 75, "fields": {"name": "Can delete test choice", "content_type": 19, "codename": "delete_testchoice"}}, {"model": "auth.permission", "pk": 76, "fields": {"name": "Can view test choice", "content_type": 19, "codename": "view_testchoice"}}, {"model": "auth.permission", "pk": 77, "fields": {"name": "Can add personality question", "content_type": 20, "codename": "add_personalityquestion"}}, {"model": "auth.permission", "pk": 78, "fields": {"name": "Can change personality question", "content_type": 20, "codename": "change_personalityquestion"}}, {"model": "auth.permission", "pk": 79, "fields": {"name": "Can delete personality question", "content_type": 20, "codename": "delete_personalityquestion"}}, {"model": "auth.permission", "pk": 80, "fields": {"name": "Can view personality question", "content_type": 20, "codename": "view_personalityquestion"}}, {"model": "auth.permission", "pk": 81, "fields": {"name": "Can add personality data", "content_type": 21, "codename": "add_personalitydata"}}, {"model": "auth.permission", "pk": 82, "fields": {"name": "Can change personality data", "content_type": 21, "codename": "change_personalitydata"}}, {"model": "auth.permission", "pk": 83, "fields": {"name": "Can delete personality data", "content_type": 21, "codename": "delete_personalitydata"}}, {"model": "auth.permission", "pk": 84, "fields": {"name": "Can view personality data", "content_type": 21, "codename": "view_personalitydata"}}, {"model": "auth.permission", "pk": 85, "fields": {"name": "Can add personality result", "content_type": 22, "codename": "add_personalityresult"}}, {"model": "auth.permission", "pk": 86, "fields": {"name": "Can change personality result", "content_type": 22, "codename": "change_personalityresult"}}, {"model": "auth.permission", "pk": 87, "fields": {"name": "Can delete personality result", "content_type": 22, "codename": "delete_personalityresult"}}, {"model": "auth.permission", "pk": 88, "fields": {"name": "Can view personality result", "content_type": 22, "codename": "view_personalityresult"}}, {"model": "auth.permission", "pk": 89, "fields": {"name": "Can add upload cv", "content_type": 23, "codename": "add_uploadcv"}}, {"model": "auth.permission", "pk": 90, "fields": {"name": "Can change upload cv", "content_type": 23, "codename": "change_uploadcv"}}, {"model": "auth.permission", "pk": 91, "fields": {"name": "Can delete upload cv", "content_type": 23, "codename": "delete_uploadcv"}}, {"model": "auth.permission", "pk": 92, "fields": {"name": "Can view upload cv", "content_type": 23, "codename": "view_uploadcv"}}, {"model": "auth.permission", "pk": 93, "fields": {"name": "Can add messagebox", "content_type": 24, "codename": "add_messagebox"}}, {"model": "auth.permission", "pk": 94, "fields": {"name": "Can change messagebox", "content_type": 24, "codename": "change_messagebox"}}, {"model": "auth.permission", "pk": 95, "fields": {"name": "Can delete messagebox", "content_type": 24, "codename": "delete_messagebox"}}, {"model": "auth.permission", "pk": 96, "fields": {"name": "Can view messagebox", "content_type": 24, "codename": "view_messagebox"}}, {"model": "auth.permission", "pk": 97, "fields": {"name": "Can add profile", "content_type": 25, "codename": "add_profile"}}, {"model": "auth.permission", "pk": 98, "fields": {"name": "Can change profile", "content_type": 25, "codename": "change_profile"}}, {"model": "auth.permission", "pk": 99, "fields": {"name": "Can delete profile", "content_type": 25, "codename": "delete_profile"}}, {"model": "auth.permission", "pk": 100, "fields": {"name": "Can view profile", "content_type": 25, "codename": "view_profile"}}, {"model": "auth.user", "pk": 1, "fields": {"password": "pbkdf2_sha256$180000$7NJRI3BJHoiV$TZ4lMwM7C12at8Hf1mijIGIsiTUesaNswNH6uIvATm0=", "last_login": "2021-06-25T11:53:42.527Z", "is_superuser": true, "username": "aliza123", "first_name": "", "last_name": "", "email": "achyut1324@gmail.com", "is_staff": true, "is_active": true, "date_joined": "2020-12-06T13:12:21.551Z", "groups": [], "user_permissions": []}}, {"model": "auth.user", "pk": 2, "fields": {"password": "pbkdf2_sha256$180000$0seZXIDTIM9s$pV3jDtvJR/gPpuhhQJ1mhNxF69bo9/b5TnIoZIUK6wg=", "last_login": "2021-05-26T01:32:47.647Z", "is_superuser": false, "username": "achyut1324@gmail.com", "first_name": "achyut", "last_name": "Neupane", "email": "colzlifes@gmail.com", "is_staff": false, "is_active": true, "date_joined": "2020-12-07T13:26:35.753Z", "groups": [], "user_permissions": []}}, {"model": "auth.user", "pk": 3, "fields": {"password": "pbkdf2_sha256$180000$WsKmw0JFfxsu$nG8Y9v/Nz7BSJ9IVA2ugUsXRML/QkpM2mIFTdvm0tnA=", "last_login": "2020-12-21T02:36:41.763Z", "is_superuser": false, "username": "anusha", "first_name": "anusha", "last_name": "panta", "email": "anusha1324@gmail.com", "is_staff": false, "is_active": true, "date_joined": "2020-12-20T02:11:33.767Z", "groups": [], "user_permissions": []}}, {"model": "auth.user", "pk": 4, "fields": {"password": "pbkdf2_sha256$180000$IPyg20dfRt32$DK6kOxQk1H4QmH1QjBYv9fFmhInrGITQ0GOVKJ/Cd7c=", "last_login": "2021-02-18T13:04:14.843Z", "is_superuser": false, "username": "suraj", "first_name": "suraj", "last_name": "lohani", "email": "pravash1324@gmail.com", "is_staff": false, "is_active": true, "date_joined": "2020-12-30T10:40:16.234Z", "groups": [], "user_permissions": []}}, {"model": "auth.user", "pk": 5, "fields": {"password": "pbkdf2_sha256$180000$MPp8Hvb1qYr1$OWJSEmOdSzXxDK+qSn3RAoDfAKkANEuGyyzY8OQmmr0=", "last_login": "2021-04-21T01:57:38.218Z", "is_superuser": false, "username": "test", "first_name": "test", "last_name": "test", "email": "test@gmail.com", "is_staff": false, "is_active": true, "date_joined": "2021-04-17T07:19:31.970Z", "groups": [], "user_permissions": []}}, {"model": "auth.user", "pk": 6, "fields": {"password": "pbkdf2_sha256$180000$P6QHWlVZIXMZ$CrBumZXjiAVahZyI4KFheHmjipS/yvPEq7jQOybSZYs=", "last_login": null, "is_superuser": false, "username": "trinity", "first_name": "trinity123", "last_name": "trinity123", "email": "achyut.neupane@student.trinity.edu.np", "is_staff": false, "is_active": true, "date_joined": "2021-04-21T03:27:41.502Z", "groups": [], "user_permissions": []}}, {"model": "auth.user", "pk": 7, "fields": {"password": "pbkdf2_sha256$180000$UD4eC7yW6DtI$d4fR2nrIsDLnCc2WDNO2+EttUcIDLUagC2J+BQUcG68=", "last_login": null, "is_superuser": false, "username": "anusha_panta", "first_name": "anusha", "last_name": "pantaa", "email": "anusha474232@gmail.com", "is_staff": false, "is_active": true, "date_joined": "2021-05-03T09:30:46.845Z", "groups": [], "user_permissions": []}}, {"model": "auth.user", "pk": 8, "fields": {"password": "pbkdf2_sha256$180000$7GlpkTC92wcf$Dr9lDPfcWUlK0zxIHBgYSJbtOS8rTd3tD9GasWmVy3g=", "last_login": null, "is_superuser": false, "username": "anusha_p", "first_name": "anusha", "last_name": "panta", "email": "anusha.pant@student.trinity.edu.np", "is_staff": false, "is_active": true, "date_joined": "2021-05-03T09:33:09.085Z", "groups": [], "user_permissions": []}}, {"model": "auth.user", "pk": 9, "fields": {"password": "pbkdf2_sha256$180000$LATzVhQnFZ5v$uPCoJofvkOrB3fN5BvNgiwTu4A68O1U5D+QiJl+xj0Q=", "last_login": "2021-05-16T11:14:31.272Z", "is_superuser": false, "username": "ram", "first_name": "achyut", "last_name": "Neupane", "email": "nayagadgets@gmail.com", "is_staff": false, "is_active": true, "date_joined": "2021-05-08T08:22:57.951Z", "groups": [], "user_permissions": []}}, {"model": "auth.user", "pk": 10, "fields": {"password": "pbkdf2_sha256$180000$8cNNmtsfDIbU$cthA+AA96uJH/fcajP/ryu1L3K8hL1/hdRUEzTqBXyE=", "last_login": "2021-05-16T10:59:01.110Z", "is_superuser": false, "username": "funnyperson", "first_name": "funny", "last_name": "person", "email": "anushap@gmail.com", "is_staff": false, "is_active": true, "date_joined": "2021-05-16T10:58:41.385Z", "groups": [], "user_permissions": []}}, {"model": "auth.user", "pk": 11, "fields": {"password": "pbkdf2_sha256$180000$dQE6TTw0mvzd$nL1TkiIuETW/5/3H1PEjH86lCZjtVZ+TQM5HBrir0AU=", "last_login": "2021-05-26T01:59:19.450Z", "is_superuser": false, "username": "hello", "first_name": "Evangeline", "last_name": "Sharp", "email": "nayagadget11@gmail.com", "is_staff": false, "is_active": true, "date_joined": "2021-05-26T01:59:00.153Z", "groups": [], "user_permissions": []}}, {"model": "auth.user", "pk": 12, "fields": {"password": "pbkdf2_sha256$180000$0ObcraGNKbh9$AgO52y5hRraI/KMlYHohW+h4NAB/8rVl7qqMxycgXK8=", "last_login": "2021-06-19T07:46:15.473Z", "is_superuser": false, "username": "achyut1324", "first_name": "Hayden", "last_name": "Nielsen", "email": "qigohiryd@mailinator.com", "is_staff": false, "is_active": true, "date_joined": "2021-06-01T13:56:02.594Z", "groups": [], "user_permissions": []}}, {"model": "auth.user", "pk": 13, "fields": {"password": "pbkdf2_sha256$180000$UeD7ToV8YZiy$/kpQyso/pZzYWF68jmTFwvY8B2pKW+IHYgrsXMw41yQ=", "last_login": "2021-06-18T03:16:44.822Z", "is_superuser": false, "username": "middefence", "first_name": "mid", "last_name": "defence", "email": "mid@gmail.com", "is_staff": false, "is_active": true, "date_joined": "2021-06-14T09:32:04.748Z", "groups": [], "user_permissions": []}}, {"model": "auth.user", "pk": 14, "fields": {"password": "pbkdf2_sha256$180000$AYGrQ6pWQAba$KKI2UIt0ssKU0MW3k/1DOZIXCIlK02BJP4aTyMsBuI4=", "last_login": null, "is_superuser": false, "username": "abcde", "first_name": "abcde", "last_name": "fghijk", "email": "achgg@gmail.com", "is_staff": false, "is_active": true, "date_joined": "2021-06-19T07:24:08.093Z", "groups": [], "user_permissions": []}}, {"model": "auth.user", "pk": 15, "fields": {"password": "pbkdf2_sha256$180000$kYaALEKOOdz0$0oZUl92Clg3kw8/G3Z1j6mfdACCiKGcQqpm5HE616l4=", "last_login": "2021-06-20T09:58:03.804Z", "is_superuser": false, "username": "babe", "first_name": "babe", "last_name": "babe", "email": "babe@gmail.com", "is_staff": false, "is_active": true, "date_joined": "2021-06-20T09:57:45.024Z", "groups": [], "user_permissions": []}}, {"model": "account.applicant", "pk": 1, "fields": {"user": 2, "test_score": 0, "taken_apt_test": true, "taken_personality_test": true, "is_employable": false, "date_joined": "2020-12-07T13:27:39.367Z", "personality": [1, 2, 3, 4, 5]}}, {"model": "account.applicant", "pk": 2, "fields": {"user": 3, "test_score": 0, "taken_apt_test": true, "taken_personality_test": true, "is_employable": false, "date_joined": "2020-12-20T02:11:35.977Z", "personality": [1, 2, 3, 4, 5]}}, {"model": "account.applicant", "pk": 3, "fields": {"user": 4, "test_score": 0, "taken_apt_test": false, "taken_personality_test": false, "is_employable": false, "date_joined": "2020-12-30T10:40:17.578Z", "personality": []}}, {"model": "account.applicant", "pk": 4, "fields": {"user": 5, "test_score": 0, "taken_apt_test": true, "taken_personality_test": true, "is_employable": false, "date_joined": "2021-04-17T07:19:32.626Z", "personality": [1, 2, 3, 4, 5]}}, {"model": "account.applicant", "pk": 5, "fields": {"user": 6, "test_score": 0, "taken_apt_test": false, "taken_personality_test": false, "is_employable": false, "date_joined": "2021-04-21T03:27:42.226Z", "personality": []}}, {"model": "account.applicant", "pk": 6, "fields": {"user": 7, "test_score": 0, "taken_apt_test": false, "taken_personality_test": false, "is_employable": false, "date_joined": "2021-05-03T09:30:47.890Z", "personality": []}}, {"model": "account.applicant", "pk": 7, "fields": {"user": 8, "test_score": 0, "taken_apt_test": false, "taken_personality_test": false, "is_employable": false, "date_joined": "2021-05-03T09:33:10.150Z", "personality": []}}, {"model": "account.applicant", "pk": 8, "fields": {"user": 9, "test_score": 0, "taken_apt_test": true, "taken_personality_test": true, "is_employable": false, "date_joined": "2021-05-08T08:22:58.817Z", "personality": [1, 2, 3, 4, 5]}}, {"model": "account.applicant", "pk": 9, "fields": {"user": 10, "test_score": 0, "taken_apt_test": false, "taken_personality_test": false, "is_employable": false, "date_joined": "2021-05-16T10:58:42.320Z", "personality": []}}, {"model": "account.applicant", "pk": 10, "fields": {"user": 11, "test_score": 0, "taken_apt_test": true, "taken_personality_test": true, "is_employable": true, "date_joined": "2021-05-26T01:59:01.330Z", "personality": [2]}}, {"model": "account.applicant", "pk": 11, "fields": {"user": 12, "test_score": 0, "taken_apt_test": true, "taken_personality_test": true, "is_employable": false, "date_joined": "2021-06-01T13:56:03.382Z", "personality": [3, 4, 5]}}, {"model": "account.applicant", "pk": 12, "fields": {"user": 13, "test_score": 0, "taken_apt_test": true, "taken_personality_test": true, "is_employable": true, "date_joined": "2021-06-14T09:32:08.461Z", "personality": [1, 5]}}, {"model": "account.applicant", "pk": 13, "fields": {"user": 14, "test_score": 0, "taken_apt_test": false, "taken_personality_test": false, "is_employable": false, "date_joined": "2021-06-19T07:24:09.274Z", "personality": []}}, {"model": "account.applicant", "pk": 14, "fields": {"user": 15, "test_score": 0, "taken_apt_test": false, "taken_personality_test": false, "is_employable": false, "date_joined": "2021-06-20T09:57:46.149Z", "personality": []}}, {"model": "account.profile", "pk": 1, "fields": {"user": 9, "image": "profile_pics/Aviary_Stock_Photo_2.png"}}, {"model": "account.profile", "pk": 2, "fields": {"user": 10, "image": "default.jpg"}}, {"model": "account.profile", "pk": 3, "fields": {"user": 11, "image": "default.jpg"}}, {"model": "account.profile", "pk": 4, "fields": {"user": 12, "image": "default.jpg"}}, {"model": "account.profile", "pk": 5, "fields": {"user": 13, "image": "default.jpg"}}, {"model": "account.profile", "pk": 6, "fields": {"user": 14, "image": "default.jpg"}}, {"model": "account.profile", "pk": 7, "fields": {"user": 15, "image": "default.jpg"}}, {"model": "resume.personalinfo", "pk": 1, "fields": {"template": 1, "firstname": "Isaac", "middlename": "Ulric Browning", "lastname": "Nelson", "email": "zipotesy@mailinator.com", "dob": "1980-08-04", "gender": "F", "phone": "+1 (224) 114-9721", "country": "Qui dolore velit eligendi id quam voluptate aliquam natus ut quis accusantium culpa consequat Numquam voluptatem ducimus unde dolore", "state": "Officia natus accusamus et porro facilis expedita incidunt ea consequatur ipsa in eaque aspernatu", "city": "Saepe dolores eos id nisi id alias ea sint quia atque ab quia incidunt ab minus pariatur Nemo suscipit", "author": 2, "image": "", "facebook": null, "twitter": null, "linkedin": null, "github": null, "youtube": null}}, {"model": "resume.personalinfo", "pk": 2, "fields": {"template": 2, "firstname": "Anusha", "middlename": "", "lastname": "Panta", "email": "anusha1324@gmail.com", "dob": "2020-12-22", "gender": "F", "phone": "9843450483", "country": "Bhutan", "state": "Lamidada", "city": "no city", "author": 3, "image": "images/93016271_217430119539762_8365321524839710720_n.jpg", "facebook": null, "twitter": null, "linkedin": null, "github": null, "youtube": null}}, {"model": "resume.personalinfo", "pk": 3, "fields": {"template": 2, "firstname": "Achyut", "middlename": "", "lastname": "Neupane", "email": "achyut1324@gmail.com", "dob": "2020-12-18", "gender": "M", "phone": "9843450482", "country": "Nepal", "state": "Bagmati", "city": "kathmandu", "author": 3, "image": "images/achyut.jpg", "facebook": null, "twitter": null, "linkedin": null, "github": null, "youtube": null}}, {"model": "resume.personalinfo", "pk": 4, "fields": {"template": 3, "firstname": "suraz", "middlename": "", "lastname": "lohani", "email": "suraz@gmail.com", "dob": "2020-12-24", "gender": "M", "phone": "9843450482", "country": "Nepal", "state": "bagmati", "city": "Kathmandu", "author": 4, "image": "images/enginnering.png", "facebook": null, "twitter": null, "linkedin": null, "github": null, "youtube": null}}, {"model": "resume.personalinfo", "pk": 5, "fields": {"template": 2, "firstname": "Drake", "middlename": "Wilma Roberts", "lastname": "Rivers", "email": "somu@mailinator.com", "dob": "1993-08-01", "gender": "M", "phone": "+1 (454) 335-4286", "country": "Eius ipsum excepteur dicta quia mollitia unde illum magna blanditiis doloremque aut est qui velit", "state": "ktm", "city": "Alias necessitatibus enim et reprehenderit Nam vel quos quia nulla et facere voluptate aut cum cumque", "author": 1, "image": "", "facebook": "https://www.youtube.com/watch?v=i-ZBfnZjBwQ", "twitter": null, "linkedin": null, "github": null, "youtube": null}}, {"model": "resume.personalinfo", "pk": 6, "fields": {"template": 2, "firstname": "Xandra", "middlename": "Vladimir Carter", "lastname": "Franks", "email": "riqo@mailinator.com", "dob": "2005-03-17", "gender": "F", "phone": "+1 (251) 484-1191", "country": "Pariatur Iure aliquid quo eum odit animi officiis molestias voluptas ut occaecat aut dolores voluptatem", "state": "Non natus minim amet et iusto sed harum est eum exercitation fugit architecto in", "city": "Nostrum aute velit ipsa voluptatem debitis saepe aliquip saepe quis dolore sit sed quidem ullam", "author": 2, "image": "", "facebook": null, "twitter": null, "linkedin": null, "github": null, "youtube": null}}, {"model": "resume.personalinfo", "pk": 7, "fields": {"template": 3, "firstname": "achyut", "middlename": "Briar Vega", "lastname": "Stafford", "email": "bohiwa@mailinator.com", "dob": "1985-08-22", "gender": "M", "phone": "+1 (841) 822-2265", "country": "Sunt ut et facere ut doloribus ut ex enim excepteur sunt consequat Omnis omnis porro perspiciatis", "state": "Expedita voluptatum voluptatem ut sit ab incididunt commodo voluptatem Duis omnis explicabo Et su", "city": "Quasi esse labore cillum dicta consequat Obcaecati eiusmod animi distinctio Quas eiusmod rerum velit aut in consequatur eos pariatur Maxime", "author": 5, "image": "", "facebook": null, "twitter": null, "linkedin": null, "github": null, "youtube": null}}, {"model": "resume.personalinfo", "pk": 8, "fields": {"template": 3, "firstname": "Leigh", "middlename": "Perry Zimmerman", "lastname": "Wiggins", "email": "zycoqut@mailinator.com", "dob": "1978-10-05", "gender": "M", "phone": "+1 (152) 405-6773", "country": "Possimus omnis cum saepe enim ea", "state": "Molestiae hic vero ad beatae voluptas in illo quidem sit cillum voluptate ut molestias accusamus pl", "city": "Aut itaque dolor quaerat laudantium quaerat eiusmod nihil ad Nam", "author": 5, "image": "", "facebook": null, "twitter": null, "linkedin": null, "github": null, "youtube": null}}, {"model": "resume.personalinfo", "pk": 9, "fields": {"template": 1, "firstname": "Arthur", "middlename": "Angelica Bernard", "lastname": "Mccall", "email": "notic@mailinator.com", "dob": "1980-06-22", "gender": "F", "phone": "+1 (891) 126-6635", "country": "Totam laudantium accusamus quas ab nemo ipsa quibusdam culpa in ex sit quidem ipsa", "state": "Aut non est molestias nemo in dolor", "city": "Adipisci sed sunt fugiat obcaecati ut adipisicing pariatur Eaque hic labore", "author": 5, "image": "", "facebook": null, "twitter": null, "linkedin": null, "github": null, "youtube": null}}, {"model": "resume.personalinfo", "pk": 12, "fields": {"template": 2, "firstname": "Ram", "middlename": "Abraham Schmidt", "lastname": "Nash", "email": "bugudec@mailinator.com", "dob": "1983-04-04", "gender": "F", "phone": "+1 (605) 802-1439", "country": "Deleniti ut quis voluptatum qui praesentium veniam voluptatem minim delectus cupidatat quam qui explicabo Occaecat repudiandae", "state": "Ut suscipit qui et at voluptatem laudantium illo officiis iste temporibus ad et", "city": "Proident repellendus Dolore sunt voluptatem Saepe dolorem in eiusmod rerum reprehenderit proident nesciunt esse qui ex accusamus", "author": 9, "image": "", "facebook": null, "twitter": null, "linkedin": null, "github": null, "youtube": null}}, {"model": "resume.personalinfo", "pk": 13, "fields": {"template": 2, "firstname": "Nicole", "middlename": "Owen Morris", "lastname": "Butler", "email": "somuw@mailinator.com", "dob": "1986-04-18", "gender": "F", "phone": "+1 (923) 835-9683", "country": "Deserunt reprehenderit ipsam quia eum doloremque eiusmod eum lorem enim dolores officia fuga Sint nesciunt ut ea non aut consequat", "state": "Et provident molestias quia unde aut", "city": "Qui delectus laboris sit dolorem voluptas velit soluta quo molestiae quisquam quia culpa quia qui aliqua Labore commodi qui", "author": 2, "image": "", "facebook": null, "twitter": null, "linkedin": null, "github": null, "youtube": null}}, {"model": "resume.personalinfo", "pk": 14, "fields": {"template": 1, "firstname": "Cherokee", "middlename": "Mercedes Mayo", "lastname": "Gilbert", "email": "novyjoje@mailinator.com", "dob": "2021-12-18", "gender": "F", "phone": "+1 (215) 954-7839", "country": "Dolor in omnis adipisicing sapiente excepturi ullam provident laboriosam sed minus beatae nostrud voluptatem aspernatur et ipsam", "state": "Qui dolorem accusantium nihil accusamus quo dolores minus aut exercitationem et repudiandae consequa", "city": "Voluptate culpa praesentium minima in", "author": 2, "image": "", "facebook": null, "twitter": null, "linkedin": null, "github": null, "youtube": null}}, {"model": "resume.personalinfo", "pk": 15, "fields": {"template": 2, "firstname": "Demetrius", "middlename": "Omar Fulton", "lastname": "Hutchinson", "email": "bewisu@mailinator.com", "dob": "1992-02-04", "gender": "F", "phone": "+1 (128) 798-3936", "country": "Dolorum sint officia repellendus Non fugiat non laboris alias ea possimus hic labore officia ad ut facilis quis eligendi", "state": "Facilis minus non sit eum eveniet ut et alias ut aut", "city": "Dolore numquam minim autem voluptatem libero", "author": 11, "image": "", "facebook": null, "twitter": null, "linkedin": null, "github": null, "youtube": null}}, {"model": "resume.personalinfo", "pk": 16, "fields": {"template": 3, "firstname": "Mallory", "middlename": "Martin Burris", "lastname": "Webster", "email": "xirusu@mailinator.com", "dob": "2019-09-20", "gender": "M", "phone": "+1 (693) 823-1492", "country": "Eaque non non repellendus Neque quisquam maiores eu", "state": "Nostrum exercitation sed ratione aut laborum in eius", "city": "Nemo quis quasi inventore pariatur", "author": 12, "image": "", "facebook": "https://www.programmersought.com/article/48726243397/", "twitter": "https://www.programmersought.com/article/48726243397/q", "linkedin": null, "github": "https://www.programmersought.com/article/48726243397/", "youtube": "https://www.programmersought.com/article/48726243397/"}}, {"model": "resume.personalinfo", "pk": 17, "fields": {"template": 3, "firstname": "Maxine", "middlename": "Baxter Carlson", "lastname": "Potter", "email": "nadutat@mailinator.com", "dob": "1992-11-13", "gender": "M", "phone": "+1 (452) 602-1081", "country": "Obcaecati labore repellendus Illo modi", "state": "Incidunt omnis dolorum nulla sequi sed qui error recusandae Voluptatem quas", "city": "Tempora nihil placeat esse est tenetur a laboris libero omnis nostrud eum consequat Ex unde quos consequatur possimus", "author": 12, "image": "", "facebook": null, "twitter": null, "linkedin": null, "github": null, "youtube": null}}, {"model": "resume.personalinfo", "pk": 18, "fields": {"template": 3, "firstname": "Lionel", "middlename": "Darius Humphrey", "lastname": "May", "email": "wikuhyvux@mailinator.com", "dob": "1979-08-02", "gender": "M", "phone": "+1 (597) 933-1177", "country": "Sunt et velit aliquid quam voluptatem Nulla totam beatae pariatur Cupidatat similique adipisci numquam aspernatur est placeat ex", "state": "Natus nisi quod vero reprehenderit aliquid ut doloremque quod rerum exercitation sunt adipisci id", "city": "Irure enim sint voluptatem laboris sunt vel", "author": 13, "image": "", "facebook": null, "twitter": null, "linkedin": null, "github": null, "youtube": null}}, {"model": "resume.personalinfo", "pk": 19, "fields": {"template": 2, "firstname": "Cassidy", "middlename": "Carlos Dunlap", "lastname": "Delgado", "email": "delewyb@mailinator.com", "dob": "1993-10-13", "gender": "M", "phone": "+1 (814) 433-6607", "country": "Culpa obcaecati nostrud qui id libero", "state": "Dolores obcaecati itaque assumenda suscipit reprehenderit ratione non vero et elit quia itaque quo", "city": "Laboriosam dolore alias sed incidunt omnis possimus", "author": 13, "image": "", "facebook": null, "twitter": null, "linkedin": null, "github": null, "youtube": null}}, {"model": "resume.personalinfo", "pk": 20, "fields": {"template": 1, "firstname": "Kaye", "middlename": "Hector Lynn", "lastname": "Webb", "email": "tanekita@mailinator.com", "dob": "2010-07-23", "gender": "M", "phone": "+1 (156) 152-7933", "country": "Quibusdam magna corrupti rem reprehenderit excepturi", "state": "Autem facere qui aspernatur culpa nihil esse rem minus voluptatem odio ut quia aliquam dolores a ip", "city": "Ex harum amet temporibus velit ut et quia assumenda sequi incididunt", "author": 12, "image": "images/152825359_754538065459770_4171889661208671904_n.jpg", "facebook": null, "twitter": null, "linkedin": null, "github": null, "youtube": null}}, {"model": "resume.personalinfo", "pk": 21, "fields": {"template": 2, "firstname": "Dean", "middlename": "Claudia Wolf", "lastname": "Durham", "email": "qyraxiwyla@mailinator.com", "dob": "1973-12-23", "gender": "M", "phone": "+1 (344) 429-2494", "country": "Commodi facere quis ex ipsam elit", "state": "Non nulla animi Nam et distinctio Quis eiusmod ut ut nihil in labore", "city": "Nisi commodi velit facere odio", "author": 12, "image": "", "facebook": null, "twitter": null, "linkedin": null, "github": null, "youtube": null}}, {"model": "resume.personalinfo", "pk": 22, "fields": {"template": 2, "firstname": "Nell", "middlename": "Katell Caldwell", "lastname": "Campbell", "email": "fypu@mailinator.com", "dob": "2002-04-08", "gender": "F", "phone": "+1 (312) 788-4469", "country": "Odio non officia quo nihil qui totam libero neque incididunt nisi", "state": "Est dignissimos officia illo proident optio non sit qui est", "city": "Nisi consectetur itaque dolore consequuntur quis magnam ut sunt vel excepturi", "author": 12, "image": "", "facebook": "https://www.youtube.com/watch?v=i-ZBfnZjBwQ1", "twitter": "https://www.youtube.com/watch?v=i-ZBfnZjBwQ1", "linkedin": null, "github": "https://www.youtube.com/watch?v=i-ZBfnZjBwQ1", "youtube": "https://www.youtube.com/watch?v=i-ZBfnZjBwQ1"}}, {"model": "resume.personalinfo", "pk": 23, "fields": {"template": 1, "firstname": "Raphael", "middlename": "Kirestin Beasley", "lastname": "Valdez", "email": "redimyde@mailinator.com", "dob": "1981-03-08", "gender": "M", "phone": "+1 (546) 559-3476", "country": "Accusantium iure est unde rerum rem quo impedit sint dignissimos quia consequatur voluptatem sit debitis obcaecati quam deserunt cillum", "state": "Sit velit tempore tempora quaerat voluptate magni esse dolor est amet in eaque earum iure in sapi", "city": "Vel reprehenderit molestiae blanditiis animi dolor voluptatum amet", "author": 12, "image": "images/152825359_754538065459770_4171889661208671904_n_TEpViTS.jpg", "facebook": "https://www.youtube.com/watch?v=i-ZBfnZjBwQ1", "twitter": "https://www.youtube.com/watch?v=i-ZBfnZjBwQ", "linkedin": null, "github": "https://www.youtube.com/watch?v=i-ZBfnZjBwQ1", "youtube": null}}, {"model": "resume.personalinfo", "pk": 24, "fields": {"template": 3, "firstname": "Zelenia", "middlename": "Anne Oconnor", "lastname": "Collier", "email": "jukox@mailinator.com", "dob": "2006-09-13", "gender": "M", "phone": "+1 (191) 408-9859", "country": "Fuga Earum consequatur amet aliquam minim sed", "state": "Aut sapiente irure dolore in sed ex veniam facilis", "city": "Alias perspiciatis molestias officia amet sint in laboriosam et provident et non atque laboriosam nisi amet consequatur", "author": 12, "image": "", "facebook": null, "twitter": null, "linkedin": null, "github": null, "youtube": null}}, {"model": "resume.personalinfo", "pk": 25, "fields": {"template": 1, "firstname": "Sierra", "middlename": "Shana Mcconnell", "lastname": "Horne", "email": "kemejagen@mailinator.com", "dob": "2003-06-02", "gender": "M", "phone": "+1 (956) 391-6562", "country": "Vitae consequatur cumque ea anim aut laboriosam natus ducimus soluta consequat Voluptatibus harum incidunt", "state": "Aperiam dolores tempora et velit sunt eveniet qui iste ut", "city": "Adipisci perspiciatis voluptatem deleniti magna non doloribus veniam enim sit eum ex delectus a omnis fugiat sed ut", "author": 12, "image": "", "facebook": null, "twitter": null, "linkedin": null, "github": null, "youtube": null}}, {"model": "resume.personalinfo", "pk": 26, "fields": {"template": 3, "firstname": "Phelan", "middlename": "Paul Spence", "lastname": "Lyons", "email": "ranyqofafo@mailinator.com", "dob": "1970-03-09", "gender": "F", "phone": "+1 (762) 646-7058", "country": "Cupiditate rerum esse molestiae numquam quo consectetur voluptatem Architecto ut ut saepe enim id", "state": "Et nisi corporis obcaecati ipsa ea aliqua Assumenda voluptatum aliquid exercitationem officiis et", "city": "Aut dolor est illo ut Nam officia in", "author": 1, "image": "", "facebook": null, "twitter": null, "linkedin": null, "github": null, "youtube": null}}, {"model": "resume.personalinfo", "pk": 27, "fields": {"template": 2, "firstname": "Rhoda", "middlename": "Elmo Strickland", "lastname": "Wise", "email": "lulobu@mailinator.com", "dob": "2017-09-22", "gender": "M", "phone": "+1 (498) 246-7809", "country": "In qui inventore aperiam incididunt cupidatat", "state": "Cumque similique tempor ea et id quisquam dolores", "city": "Minus accusantium reiciendis velit qui do", "author": 1, "image": "", "facebook": null, "twitter": null, "linkedin": null, "github": null, "youtube": null}}, {"model": "resume.personalinfo", "pk": 28, "fields": {"template": 1, "firstname": "Leila", "middlename": "Gail Calhoun", "lastname": "Blackburn", "email": "vebelyf@mailinator.com", "dob": "1974-09-18", "gender": "F", "phone": "+1 (299) 531-2147", "country": "Exercitation dolore eligendi voluptate sunt consectetur consectetur et aute est atque veniam quia eius", "state": "Vero ad sint esse dolores", "city": "Doloribus distinctio Aliquid aut est mollit incidunt irure id maiores sed nostrud est lorem", "author": 1, "image": "", "facebook": null, "twitter": null, "linkedin": null, "github": null, "youtube": null}}, {"model": "resume.personalinfo", "pk": 29, "fields": {"template": 1, "firstname": "Ila", "middlename": "Ayanna Zamora", "lastname": "Gutierrez", "email": "labip@mailinator.com", "dob": "2004-11-19", "gender": "M", "phone": "+1 (311) 839-6359", "country": "Exercitationem dolores recusandae Voluptate tempore laboriosam quis omnis reiciendis sed dolore minus quaerat qui ea ipsa", "state": "Corporis ut in est exercitationem dolor magnam consectetur eius", "city": "Neque ut distinctio Rerum rerum rerum blanditiis fugiat aut sed eveniet ut explicabo Eaque non fugit id odio cum itaque", "author": 1, "image": "", "facebook": null, "twitter": null, "linkedin": null, "github": null, "youtube": null}}, {"model": "personality.personalitydata", "pk": 1, "fields": {"user": 2, "type_o": "75.00", "type_c": "80.00", "type_e": "65.00", "type_a": "75.00", "type_n": "50.00"}}, {"model": "personality.personalitydata", "pk": 2, "fields": {"user": 2, "type_o": "68.00", "type_c": "68.00", "type_e": "56.00", "type_a": "68.00", "type_n": "60.00"}}, {"model": "personality.personalitydata", "pk": 3, "fields": {"user": 2, "type_o": "72.00", "type_c": "100.00", "type_e": "100.00", "type_a": "100.00", "type_n": "100.00"}}, {"model": "personality.personalitydata", "pk": 4, "fields": {"user": 2, "type_o": "64.00", "type_c": "52.00", "type_e": "60.00", "type_a": "44.00", "type_n": "64.00"}}, {"model": "personality.personalitydata", "pk": 5, "fields": {"user": 2, "type_o": "48.00", "type_c": "100.00", "type_e": "72.00", "type_a": "80.00", "type_n": "80.00"}}, {"model": "personality.personalitydata", "pk": 6, "fields": {"user": 2, "type_o": "68.00", "type_c": "60.00", "type_e": "36.00", "type_a": "80.00", "type_n": "64.00"}}, {"model": "personality.personalitydata", "pk": 7, "fields": {"user": 2, "type_o": "64.00", "type_c": "68.00", "type_e": "48.00", "type_a": "76.00", "type_n": "64.00"}}, {"model": "personality.personalitydata", "pk": 8, "fields": {"user": 3, "type_o": "60.00", "type_c": "68.00", "type_e": "60.00", "type_a": "68.00", "type_n": "68.00"}}, {"model": "personality.personalitydata", "pk": 9, "fields": {"user": 3, "type_o": "56.00", "type_c": "60.00", "type_e": "60.00", "type_a": "68.00", "type_n": "72.00"}}, {"model": "personality.personalitydata", "pk": 10, "fields": {"user": 2, "type_o": "60.00", "type_c": "52.00", "type_e": "60.00", "type_a": "44.00", "type_n": "60.00"}}, {"model": "personality.personalitydata", "pk": 11, "fields": {"user": 2, "type_o": "48.00", "type_c": "72.00", "type_e": "56.00", "type_a": "60.00", "type_n": "68.00"}}, {"model": "personality.personalitydata", "pk": 12, "fields": {"user": 5, "type_o": "64.00", "type_c": "64.00", "type_e": "52.00", "type_a": "60.00", "type_n": "64.00"}}, {"model": "personality.personalitydata", "pk": 13, "fields": {"user": 5, "type_o": "64.00", "type_c": "44.00", "type_e": "68.00", "type_a": "68.00", "type_n": "76.00"}}, {"model": "personality.personalitydata", "pk": 14, "fields": {"user": 9, "type_o": "60.00", "type_c": "56.00", "type_e": "76.00", "type_a": "64.00", "type_n": "56.00"}}, {"model": "personality.personalitydata", "pk": 15, "fields": {"user": 9, "type_o": "64.00", "type_c": "52.00", "type_e": "44.00", "type_a": "48.00", "type_n": "52.00"}}, {"model": "personality.personalitydata", "pk": 16, "fields": {"user": 9, "type_o": "56.00", "type_c": "56.00", "type_e": "72.00", "type_a": "68.00", "type_n": "52.00"}}, {"model": "personality.personalitydata", "pk": 17, "fields": {"user": 9, "type_o": "52.00", "type_c": "64.00", "type_e": "60.00", "type_a": "56.00", "type_n": "64.00"}}, {"model": "personality.personalitydata", "pk": 18, "fields": {"user": 9, "type_o": "56.00", "type_c": "52.00", "type_e": "48.00", "type_a": "76.00", "type_n": "64.00"}}, {"model": "personality.personalitydata", "pk": 19, "fields": {"user": 9, "type_o": "76.00", "type_c": "76.00", "type_e": "76.00", "type_a": "80.00", "type_n": "68.00"}}, {"model": "personality.personalitydata", "pk": 20, "fields": {"user": 9, "type_o": "64.00", "type_c": "60.00", "type_e": "72.00", "type_a": "72.00", "type_n": "64.00"}}, {"model": "personality.personalitydata", "pk": 21, "fields": {"user": 2, "type_o": "60.00", "type_c": "44.00", "type_e": "64.00", "type_a": "60.00", "type_n": "72.00"}}, {"model": "personality.personalitydata", "pk": 22, "fields": {"user": 11, "type_o": "56.00", "type_c": "76.00", "type_e": "40.00", "type_a": "48.00", "type_n": "48.00"}}, {"model": "personality.personalitydata", "pk": 23, "fields": {"user": 12, "type_o": "48.00", "type_c": "52.00", "type_e": "52.00", "type_a": "64.00", "type_n": "68.00"}}, {"model": "personality.personalitydata", "pk": 24, "fields": {"user": 13, "type_o": "72.00", "type_c": "48.00", "type_e": "52.00", "type_a": "56.00", "type_n": "64.00"}}, {"model": "personality.personalitydata", "pk": 25, "fields": {"user": 12, "type_o": "60.00", "type_c": "68.00", "type_e": "64.00", "type_a": "64.00", "type_n": "48.00"}}, {"model": "personality.personalitydata", "pk": 26, "fields": {"user": 12, "type_o": "48.00", "type_c": "60.00", "type_e": "60.00", "type_a": "36.00", "type_n": "72.00"}}, {"model": "prediction.uploadcv", "pk": 23, "fields": {"keywords": "python,django", "cv_user": 2, "uploadfile": "files/Achyut_cv_RvojN8e.pdf"}}, {"model": "prediction.uploadcv", "pk": 24, "fields": {"keywords": "python, django, react", "cv_user": 2, "uploadfile": "files/poster2.pdf"}}, {"model": "prediction.uploadcv", "pk": 25, "fields": {"keywords": "python, django, react", "cv_user": 2, "uploadfile": "files/poster2_sTb6qNU.pdf"}}, {"model": "prediction.uploadcv", "pk": 26, "fields": {"keywords": "python, django, react", "cv_user": 2, "uploadfile": "files/achyut.html"}}, {"model": "prediction.uploadcv", "pk": 27, "fields": {"keywords": "react,java, python,html and css", "cv_user": 2, "uploadfile": "files/achyut_JJEBICn.html"}}, {"model": "prediction.uploadcv", "pk": 28, "fields": {"keywords": "python, django, react", "cv_user": 2, "uploadfile": "files/Achyut_cv.pdf"}}, {"model": "prediction.uploadcv", "pk": 29, "fields": {"keywords": "python, django, react", "cv_user": 2, "uploadfile": "files/Doc1.pdf"}}, {"model": "prediction.uploadcv", "pk": 30, "fields": {"keywords": "python,django", "cv_user": 5, "uploadfile": "files/AchyutNeupanecv.pdf"}}, {"model": "prediction.uploadcv", "pk": 31, "fields": {"keywords": "python,django,css", "cv_user": 5, "uploadfile": "files/AchyutNeupanecv_A4p9AXB.pdf"}}, {"model": "prediction.uploadcv", "pk": 32, "fields": {"keywords": "python,django,css,javascript", "cv_user": 5, "uploadfile": "files/AchyutNeupanecv_MoGPYHu.pdf"}}, {"model": "prediction.uploadcv", "pk": 33, "fields": {"keywords": "python,django,css,javascript,react,node,php", "cv_user": 5, "uploadfile": "files/AchyutNeupanecv_cFW6svb.pdf"}}, {"model": "prediction.uploadcv", "pk": 34, "fields": {"keywords": "python,django,css,javascript,react,node,php", "cv_user": 5, "uploadfile": "files/akash_cv.pdf"}}, {"model": "prediction.uploadcv", "pk": 35, "fields": {"keywords": "python,django,css,javascript,react,node,php", "cv_user": 5, "uploadfile": "files/akash_cv_Dy4lGHy.pdf"}}, {"model": "prediction.uploadcv", "pk": 36, "fields": {"keywords": "python, django, react", "cv_user": 5, "uploadfile": "files/aliza_khadka-cv.pdf"}}, {"model": "prediction.uploadcv", "pk": 37, "fields": {"keywords": "python, django, react,0", "cv_user": 5, "uploadfile": "files/aliza_khadka-cv_15T2BXz.pdf"}}, {"model": "prediction.uploadcv", "pk": 38, "fields": {"keywords": "python, django, react,0,11,12", "cv_user": 5, "uploadfile": "files/aliza_khadka-cv_Ae28Z5X.pdf"}}, {"model": "prediction.uploadcv", "pk": 39, "fields": {"keywords": "0", "cv_user": 5, "uploadfile": ""}}, {"model": "prediction.uploadcv", "pk": 40, "fields": {"keywords": "0", "cv_user": 5, "uploadfile": "files/aliza_khadka-cv_HJ44U3v.pdf"}}, {"model": "prediction.uploadcv", "pk": 41, "fields": {"keywords": "0", "cv_user": 5, "uploadfile": "files/aliza_khadka-cv_5RL3GQ4.pdf"}}, {"model": "prediction.uploadcv", "pk": 42, "fields": {"keywords": "0", "cv_user": 5, "uploadfile": "files/aliza_khadka-cv_NZ3tnHX.pdf"}}, {"model": "prediction.uploadcv", "pk": 43, "fields": {"keywords": "0,python", "cv_user": 5, "uploadfile": "files/aliza_khadka-cv_dD7fGUE.pdf"}}, {"model": "prediction.uploadcv", "pk": 44, "fields": {"keywords": "a", "cv_user": 5, "uploadfile": "files/aliza_khadka-cv_7EljXZO.pdf"}}, {"model": "prediction.uploadcv", "pk": 45, "fields": {"keywords": "b", "cv_user": 5, "uploadfile": "files/aliza_khadka-cv_uuf2zez.pdf"}}, {"model": "prediction.uploadcv", "pk": 46, "fields": {"keywords": "python, django, react", "cv_user": 9, "uploadfile": "files/Achyut_Neupane-cv.pdf"}}, {"model": "prediction.uploadcv", "pk": 47, "fields": {"keywords": "python, django, react", "cv_user": 9, "uploadfile": "files/Achyut_Neupane-cv_G3R3m1U.pdf"}}, {"model": "prediction.uploadcv", "pk": 48, "fields": {"keywords": "python, python,python", "cv_user": 9, "uploadfile": "files/Achyut_Neupane-cv_w9K4an4.pdf"}}, {"model": "prediction.uploadcv", "pk": 49, "fields": {"keywords": "python, django, react", "cv_user": 9, "uploadfile": "files/Achyut_Neupane-cv_yW7Cz7b.pdf"}}, {"model": "prediction.uploadcv", "pk": 50, "fields": {"keywords": "python, django, react", "cv_user": 9, "uploadfile": "files/Achyut_Neupane-cv_XNbYpM9.pdf"}}, {"model": "prediction.uploadcv", "pk": 51, "fields": {"keywords": "react,java,html and css,", "cv_user": 9, "uploadfile": "files/Achyut_Neupane-cv_vLqqd9f.pdf"}}, {"model": "prediction.uploadcv", "pk": 52, "fields": {"keywords": "react,java, python,html and css", "cv_user": 9, "uploadfile": "files/Achyut_Neupane-cv_95sqZaQ.pdf"}}, {"model": "prediction.uploadcv", "pk": 53, "fields": {"keywords": "python, django, react", "cv_user": 9, "uploadfile": "files/Achyut_Neupane-cv_D19ka6Z.pdf"}}, {"model": "prediction.uploadcv", "pk": 54, "fields": {"keywords": "python, django, react", "cv_user": 9, "uploadfile": "files/Achyut_Neupane_cv.pdf"}}, {"model": "prediction.uploadcv", "pk": 55, "fields": {"keywords": "python, django, react", "cv_user": 2, "uploadfile": "files/AchyutNeupaneCv_1.pdf"}}, {"model": "prediction.uploadcv", "pk": 56, "fields": {"keywords": "python, django, react", "cv_user": 11, "uploadfile": "files/Achyut_Neupane_cv_Pez7jwv.pdf"}}, {"model": "prediction.uploadcv", "pk": 57, "fields": {"keywords": "python, django, react", "cv_user": 12, "uploadfile": "files/Achyut_Neupane-cv_IpJXIoz.pdf"}}, {"model": "prediction.uploadcv", "pk": 58, "fields": {"keywords": "react,java, python,html and css", "cv_user": 12, "uploadfile": "files/Achyut_Neupane-cv_zRCa0fx.pdf"}}, {"model": "prediction.uploadcv", "pk": 59, "fields": {"keywords": "python, django, react", "cv_user": 12, "uploadfile": "files/MAXINE_resume.pdf"}}, {"model": "prediction.uploadcv", "pk": 60, "fields": {"keywords": "python, django, react", "cv_user": 12, "uploadfile": "files/Achyut_Neupane_cv_tkkBtnw.pdf"}}, {"model": "prediction.uploadcv", "pk": 61, "fields": {"keywords": "python, django, react,html,css", "cv_user": 12, "uploadfile": "files/Achyut_Neupane-cv_nsoOte0.pdf"}}, {"model": "prediction.uploadcv", "pk": 62, "fields": {"keywords": "python, django, react,html,css,project,software,java", "cv_user": 12, "uploadfile": "files/Achyut_Neupane-cv_kDJlNmg.pdf"}}, {"model": "prediction.uploadcv", "pk": 63, "fields": {"keywords": "react,java, python,html and css", "cv_user": 12, "uploadfile": "files/Achyut_Neupane-cv_RHdzknm.pdf"}}, {"model": "prediction.uploadcv", "pk": 64, "fields": {"keywords": "react,java, python,html and css", "cv_user": 12, "uploadfile": "files/Achyut_Neupane-cv_pcSGkWh.pdf"}}, {"model": "prediction.uploadcv", "pk": 65, "fields": {"keywords": "react,java, python,html and css", "cv_user": 1, "uploadfile": "files/Achyut_Neupane-cv_uDiCeLC.pdf"}}, {"model": "prediction.uploadcv", "pk": 66, "fields": {"keywords": "python, django, react", "cv_user": 12, "uploadfile": "files/Achyut_Neupane_cv_gMMhlAB.pdf"}}, {"model": "prediction.uploadcv", "pk": 67, "fields": {"keywords": "python,django,react", "cv_user": 13, "uploadfile": "files/Achyut_Neupane-cv_1.pdf"}}, {"model": "prediction.uploadcv", "pk": 68, "fields": {"keywords": "python, django, react", "cv_user": 13, "uploadfile": "files/Achyut_Neupane-cv_NfQWE7v.pdf"}}, {"model": "prediction.uploadcv", "pk": 69, "fields": {"keywords": "python, django, react", "cv_user": 13, "uploadfile": "files/Achyut_Neupane-cv_Q8iYAzG.pdf"}}, {"model": "prediction.uploadcv", "pk": 70, "fields": {"keywords": "react,java, python,html and css", "cv_user": 13, "uploadfile": "files/Achyut_Neupane-cv_1_LDv59zu.pdf"}}, {"model": "prediction.uploadcv", "pk": 71, "fields": {"keywords": "python, django, react", "cv_user": 12, "uploadfile": "files/Achyut_cv.pdf"}}, {"model": "prediction.uploadcv", "pk": 72, "fields": {"keywords": "python, django, react", "cv_user": 12, "uploadfile": "files/Achyut_cv_gor1cRO.pdf"}}, {"model": "prediction.uploadcv", "pk": 73, "fields": {"keywords": "python, django, react", "cv_user": 12, "uploadfile": "files/Achyut_cv_QzV06CB.pdf"}}, {"model": "prediction.uploadcv", "pk": 74, "fields": {"keywords": "python, django, react", "cv_user": 12, "uploadfile": "files/Achyut_cv_PX7twRM.pdf"}}, {"model": "admin.logentry", "pk": 1, "fields": {"action_time": "2020-12-06T13:16:02.948Z", "user": 1, "content_type": 17, "object_id": "1", "object_repr": "Openness", "action_flag": 1, "change_message": "[{\"added\": {}}]"}}, {"model": "admin.logentry", "pk": 2, "fields": {"action_time": "2020-12-06T13:16:37.152Z", "user": 1, "content_type": 17, "object_id": "2", "object_repr": "Conscientiousness", "action_flag": 1, "change_message": "[{\"added\": {}}]"}}, {"model": "admin.logentry", "pk": 3, "fields": {"action_time": "2020-12-06T13:16:51.875Z", "user": 1, "content_type": 17, "object_id": "3", "object_repr": "Extroversion", "action_flag": 1, "change_message": "[{\"added\": {}}]"}}, {"model": "admin.logentry", "pk": 4, "fields": {"action_time": "2020-12-06T13:17:07.108Z", "user": 1, "content_type": 17, "object_id": "4", "object_repr": "Agreeableness", "action_flag": 1, "change_message": "[{\"added\": {}}]"}}, {"model": "admin.logentry", "pk": 5, "fields": {"action_time": "2020-12-06T13:17:28.023Z", "user": 1, "content_type": 17, "object_id": "5", "object_repr": "Neuroticism", "action_flag": 1, "change_message": "[{\"added\": {}}]"}}, {"model": "admin.logentry", "pk": 6, "fields": {"action_time": "2020-12-06T13:23:18.447Z", "user": 1, "content_type": 20, "object_id": "1", "object_repr": "I have a rich vocabulary.", "action_flag": 1, "change_message": "[{\"added\": {}}]"}}, {"model": "admin.logentry", "pk": 7, "fields": {"action_time": "2020-12-06T13:24:27.504Z", "user": 1, "content_type": 20, "object_id": "2", "object_repr": "I have difficulty understanding abstract ideas.", "action_flag": 1, "change_message": "[{\"added\": {}}]"}}, {"model": "admin.logentry", "pk": 8, "fields": {"action_time": "2020-12-06T13:25:15.811Z", "user": 1, "content_type": 20, "object_id": "3", "object_repr": "I have a vivid imagination.", "action_flag": 1, "change_message": "[{\"added\": {}}]"}}, {"model": "admin.logentry", "pk": 9, "fields": {"action_time": "2020-12-06T13:25:41.441Z", "user": 1, "content_type": 20, "object_id": "4", "object_repr": "I am not interested in abstract ideas.", "action_flag": 1, "change_message": "[{\"added\": {}}]"}}, {"model": "admin.logentry", "pk": 10, "fields": {"action_time": "2020-12-06T13:26:01.302Z", "user": 1, "content_type": 20, "object_id": "5", "object_repr": "I have excellent ideas", "action_flag": 1, "change_message": "[{\"added\": {}}]"}}, {"model": "admin.logentry", "pk": 11, "fields": {"action_time": "2020-12-06T13:26:30.600Z", "user": 1, "content_type": 20, "object_id": "6", "object_repr": "I do not have a good imagination.", "action_flag": 1, "change_message": "[{\"added\": {}}]"}}, {"model": "admin.logentry", "pk": 12, "fields": {"action_time": "2020-12-06T13:26:56.695Z", "user": 1, "content_type": 20, "object_id": "7", "object_repr": "I am quick to understand things.", "action_flag": 1, "change_message": "[{\"added\": {}}]"}}, {"model": "admin.logentry", "pk": 13, "fields": {"action_time": "2020-12-06T13:27:49.389Z", "user": 1, "content_type": 20, "object_id": "8", "object_repr": "I am quick to understand things.", "action_flag": 1, "change_message": "[{\"added\": {}}]"}}, {"model": "admin.logentry", "pk": 14, "fields": {"action_time": "2020-12-06T13:28:06.960Z", "user": 1, "content_type": 20, "object_id": "9", "object_repr": "I use difficult words.", "action_flag": 1, "change_message": "[{\"added\": {}}]"}}, {"model": "admin.logentry", "pk": 15, "fields": {"action_time": "2020-12-06T13:29:17.275Z", "user": 1, "content_type": 20, "object_id": "10", "object_repr": "I spend time reflecting on things.", "action_flag": 1, "change_message": "[{\"added\": {}}]"}}, {"model": "admin.logentry", "pk": 16, "fields": {"action_time": "2020-12-06T13:29:38.363Z", "user": 1, "content_type": 20, "object_id": "11", "object_repr": "I am full of ideas.", "action_flag": 1, "change_message": "[{\"added\": {}}]"}}, {"model": "admin.logentry", "pk": 17, "fields": {"action_time": "2020-12-06T13:30:14.715Z", "user": 1, "content_type": 20, "object_id": "12", "object_repr": "I am always prepared.", "action_flag": 1, "change_message": "[{\"added\": {}}]"}}, {"model": "admin.logentry", "pk": 18, "fields": {"action_time": "2020-12-06T13:30:37.364Z", "user": 1, "content_type": 20, "object_id": "13", "object_repr": "I leave my belongings around.", "action_flag": 1, "change_message": "[{\"added\": {}}]"}}, {"model": "admin.logentry", "pk": 19, "fields": {"action_time": "2020-12-06T13:31:04.418Z", "user": 1, "content_type": 20, "object_id": "14", "object_repr": "I pay attention to details.", "action_flag": 1, "change_message": "[{\"added\": {}}]"}}, {"model": "admin.logentry", "pk": 20, "fields": {"action_time": "2020-12-06T13:31:26.010Z", "user": 1, "content_type": 20, "object_id": "15", "object_repr": "I make a mess of things.", "action_flag": 1, "change_message": "[{\"added\": {}}]"}}, {"model": "admin.logentry", "pk": 21, "fields": {"action_time": "2020-12-06T13:31:50.662Z", "user": 1, "content_type": 20, "object_id": "16", "object_repr": "I get chores done right away.", "action_flag": 1, "change_message": "[{\"added\": {}}]"}}, {"model": "admin.logentry", "pk": 22, "fields": {"action_time": "2020-12-06T13:32:41.610Z", "user": 1, "content_type": 20, "object_id": "17", "object_repr": "I often forget to put things back in their proper place.", "action_flag": 1, "change_message": "[{\"added\": {}}]"}}, {"model": "admin.logentry", "pk": 23, "fields": {"action_time": "2020-12-06T13:33:04.094Z", "user": 1, "content_type": 20, "object_id": "18", "object_repr": "I like order.", "action_flag": 1, "change_message": "[{\"added\": {}}]"}}, {"model": "admin.logentry", "pk": 24, "fields": {"action_time": "2020-12-06T13:33:23.695Z", "user": 1, "content_type": 20, "object_id": "19", "object_repr": "I shirk my duties.", "action_flag": 1, "change_message": "[{\"added\": {}}]"}}, {"model": "admin.logentry", "pk": 25, "fields": {"action_time": "2020-12-06T13:33:39.414Z", "user": 1, "content_type": 20, "object_id": "20", "object_repr": "I follow a schedule.", "action_flag": 1, "change_message": "[{\"added\": {}}]"}}, {"model": "admin.logentry", "pk": 26, "fields": {"action_time": "2020-12-06T13:33:56.612Z", "user": 1, "content_type": 20, "object_id": "21", "object_repr": "I am exacting in my work.", "action_flag": 1, "change_message": "[{\"added\": {}}]"}}, {"model": "admin.logentry", "pk": 27, "fields": {"action_time": "2020-12-06T13:34:22.574Z", "user": 1, "content_type": 20, "object_id": "22", "object_repr": "I am the life of the party.", "action_flag": 1, "change_message": "[{\"added\": {}}]"}}, {"model": "admin.logentry", "pk": 28, "fields": {"action_time": "2020-12-06T13:34:39.448Z", "user": 1, "content_type": 20, "object_id": "23", "object_repr": "I don't talk a lot.", "action_flag": 1, "change_message": "[{\"added\": {}}]"}}, {"model": "admin.logentry", "pk": 29, "fields": {"action_time": "2020-12-06T13:35:04.987Z", "user": 1, "content_type": 20, "object_id": "24", "object_repr": "I feel comfortable around people.", "action_flag": 1, "change_message": "[{\"added\": {}}]"}}, {"model": "admin.logentry", "pk": 30, "fields": {"action_time": "2020-12-06T13:35:23.986Z", "user": 1, "content_type": 20, "object_id": "25", "object_repr": "I keep in the background.", "action_flag": 1, "change_message": "[{\"added\": {}}]"}}, {"model": "admin.logentry", "pk": 31, "fields": {"action_time": "2020-12-06T13:35:44.763Z", "user": 1, "content_type": 20, "object_id": "26", "object_repr": "I start conversations.", "action_flag": 1, "change_message": "[{\"added\": {}}]"}}, {"model": "admin.logentry", "pk": 32, "fields": {"action_time": "2020-12-06T13:36:10.857Z", "user": 1, "content_type": 20, "object_id": "27", "object_repr": "I have little to say.", "action_flag": 1, "change_message": "[{\"added\": {}}]"}}, {"model": "admin.logentry", "pk": 33, "fields": {"action_time": "2020-12-06T13:36:43.819Z", "user": 1, "content_type": 20, "object_id": "28", "object_repr": "I talk to a lot of different people at parties.", "action_flag": 1, "change_message": "[{\"added\": {}}]"}}, {"model": "admin.logentry", "pk": 34, "fields": {"action_time": "2020-12-06T13:37:13.036Z", "user": 1, "content_type": 20, "object_id": "29", "object_repr": "I don't like to draw attention to myself.", "action_flag": 1, "change_message": "[{\"added\": {}}]"}}, {"model": "admin.logentry", "pk": 35, "fields": {"action_time": "2020-12-06T13:37:36.624Z", "user": 1, "content_type": 20, "object_id": "30", "object_repr": "I don't mind being the center of attention.", "action_flag": 1, "change_message": "[{\"added\": {}}]"}}, {"model": "admin.logentry", "pk": 36, "fields": {"action_time": "2020-12-06T13:37:56.730Z", "user": 1, "content_type": 20, "object_id": "31", "object_repr": "I am quiet around strangers.", "action_flag": 1, "change_message": "[{\"added\": {}}]"}}, {"model": "admin.logentry", "pk": 37, "fields": {"action_time": "2020-12-06T13:38:25.089Z", "user": 1, "content_type": 20, "object_id": "32", "object_repr": "I feel little concern for others.", "action_flag": 1, "change_message": "[{\"added\": {}}]"}}, {"model": "admin.logentry", "pk": 38, "fields": {"action_time": "2020-12-06T13:38:41.407Z", "user": 1, "content_type": 20, "object_id": "33", "object_repr": "I am interested in people.", "action_flag": 1, "change_message": "[{\"added\": {}}]"}}, {"model": "admin.logentry", "pk": 39, "fields": {"action_time": "2020-12-06T13:38:58.311Z", "user": 1, "content_type": 20, "object_id": "34", "object_repr": "I insult people.", "action_flag": 1, "change_message": "[{\"added\": {}}]"}}, {"model": "admin.logentry", "pk": 40, "fields": {"action_time": "2020-12-06T13:39:20.320Z", "user": 1, "content_type": 20, "object_id": "35", "object_repr": "I sympathize with others' feelings.", "action_flag": 1, "change_message": "[{\"added\": {}}]"}}, {"model": "admin.logentry", "pk": 41, "fields": {"action_time": "2020-12-06T13:39:44.962Z", "user": 1, "content_type": 20, "object_id": "36", "object_repr": "I am not interested in other people's problems.", "action_flag": 1, "change_message": "[{\"added\": {}}]"}}, {"model": "admin.logentry", "pk": 42, "fields": {"action_time": "2020-12-06T13:40:01.235Z", "user": 1, "content_type": 20, "object_id": "37", "object_repr": "I have a soft heart.", "action_flag": 1, "change_message": "[{\"added\": {}}]"}}, {"model": "admin.logentry", "pk": 43, "fields": {"action_time": "2020-12-06T13:40:18.912Z", "user": 1, "content_type": 20, "object_id": "38", "object_repr": "I am not really interested in others.", "action_flag": 1, "change_message": "[{\"added\": {}}]"}}, {"model": "admin.logentry", "pk": 44, "fields": {"action_time": "2020-12-06T13:40:37.373Z", "user": 1, "content_type": 20, "object_id": "39", "object_repr": "I take time out for others.", "action_flag": 1, "change_message": "[{\"added\": {}}]"}}, {"model": "admin.logentry", "pk": 45, "fields": {"action_time": "2020-12-06T13:40:55.859Z", "user": 1, "content_type": 20, "object_id": "40", "object_repr": "I feel others' emotions.", "action_flag": 1, "change_message": "[{\"added\": {}}]"}}, {"model": "admin.logentry", "pk": 46, "fields": {"action_time": "2020-12-06T13:41:16.017Z", "user": 1, "content_type": 20, "object_id": "41", "object_repr": "I make people feel at ease.", "action_flag": 1, "change_message": "[{\"added\": {}}]"}}, {"model": "admin.logentry", "pk": 47, "fields": {"action_time": "2020-12-06T13:41:34.889Z", "user": 1, "content_type": 20, "object_id": "42", "object_repr": "I get stressed out easily.", "action_flag": 1, "change_message": "[{\"added\": {}}]"}}, {"model": "admin.logentry", "pk": 48, "fields": {"action_time": "2020-12-06T13:41:49.624Z", "user": 1, "content_type": 20, "object_id": "43", "object_repr": "I am relaxed most of the time.", "action_flag": 1, "change_message": "[{\"added\": {}}]"}}, {"model": "admin.logentry", "pk": 49, "fields": {"action_time": "2020-12-06T13:42:05.800Z", "user": 1, "content_type": 20, "object_id": "44", "object_repr": "I worry about things.", "action_flag": 1, "change_message": "[{\"added\": {}}]"}}, {"model": "admin.logentry", "pk": 50, "fields": {"action_time": "2020-12-06T13:42:18.992Z", "user": 1, "content_type": 20, "object_id": "45", "object_repr": "I seldom feel blue.", "action_flag": 1, "change_message": "[{\"added\": {}}]"}}, {"model": "admin.logentry", "pk": 51, "fields": {"action_time": "2020-12-06T13:42:35.878Z", "user": 1, "content_type": 20, "object_id": "46", "object_repr": "I am easily disturbed.", "action_flag": 1, "change_message": "[{\"added\": {}}]"}}, {"model": "admin.logentry", "pk": 52, "fields": {"action_time": "2020-12-06T13:42:48.749Z", "user": 1, "content_type": 20, "object_id": "47", "object_repr": "I get upset easily.", "action_flag": 1, "change_message": "[{\"added\": {}}]"}}, {"model": "admin.logentry", "pk": 53, "fields": {"action_time": "2020-12-06T13:43:06.790Z", "user": 1, "content_type": 20, "object_id": "48", "object_repr": "I change my mood a lot.", "action_flag": 1, "change_message": "[{\"added\": {}}]"}}, {"model": "admin.logentry", "pk": 54, "fields": {"action_time": "2020-12-06T13:43:20.825Z", "user": 1, "content_type": 20, "object_id": "49", "object_repr": "I have frequent mood swings.", "action_flag": 1, "change_message": "[{\"added\": {}}]"}}, {"model": "admin.logentry", "pk": 55, "fields": {"action_time": "2020-12-06T13:43:38.854Z", "user": 1, "content_type": 20, "object_id": "50", "object_repr": "I get irritated easily.", "action_flag": 1, "change_message": "[{\"added\": {}}]"}}, {"model": "admin.logentry", "pk": 56, "fields": {"action_time": "2020-12-06T13:43:52.431Z", "user": 1, "content_type": 20, "object_id": "51", "object_repr": "I often feel blue.", "action_flag": 1, "change_message": "[{\"added\": {}}]"}}, {"model": "admin.logentry", "pk": 57, "fields": {"action_time": "2020-12-06T13:45:32.094Z", "user": 1, "content_type": 20, "object_id": "7", "object_repr": "I am quick to understand things.", "action_flag": 3, "change_message": ""}}, {"model": "admin.logentry", "pk": 58, "fields": {"action_time": "2020-12-07T13:18:30.504Z", "user": 1, "content_type": 22, "object_id": "1", "object_repr": "PersonalityResult object (1)", "action_flag": 1, "change_message": "[{\"added\": {}}]"}}, {"model": "admin.logentry", "pk": 59, "fields": {"action_time": "2020-12-07T13:18:55.148Z", "user": 1, "content_type": 22, "object_id": "2", "object_repr": "PersonalityResult object (2)", "action_flag": 1, "change_message": "[{\"added\": {}}]"}}, {"model": "admin.logentry", "pk": 60, "fields": {"action_time": "2020-12-07T13:20:42.987Z", "user": 1, "content_type": 22, "object_id": "3", "object_repr": "PersonalityResult object (3)", "action_flag": 1, "change_message": "[{\"added\": {}}]"}}, {"model": "admin.logentry", "pk": 61, "fields": {"action_time": "2020-12-07T13:21:02.663Z", "user": 1, "content_type": 22, "object_id": "4", "object_repr": "PersonalityResult object (4)", "action_flag": 1, "change_message": "[{\"added\": {}}]"}}, {"model": "admin.logentry", "pk": 62, "fields": {"action_time": "2020-12-07T13:21:25.402Z", "user": 1, "content_type": 22, "object_id": "5", "object_repr": "PersonalityResult object (5)", "action_flag": 1, "change_message": "[{\"added\": {}}]"}}, {"model": "admin.logentry", "pk": 63, "fields": {"action_time": "2020-12-07T13:26:36.201Z", "user": 1, "content_type": 4, "object_id": "2", "object_repr": "achyut1324", "action_flag": 1, "change_message": "[{\"added\": {}}]"}}, {"model": "admin.logentry", "pk": 64, "fields": {"action_time": "2020-12-07T13:27:39.372Z", "user": 1, "content_type": 4, "object_id": "2", "object_repr": "achyut1324", "action_flag": 2, "change_message": "[{\"added\": {\"name\": \"applicant\", \"object\": \"achyut1324\"}}]"}}, {"model": "admin.logentry", "pk": 65, "fields": {"action_time": "2020-12-09T12:36:31.197Z", "user": 1, "content_type": 9, "object_id": "1", "object_repr": "Professional", "action_flag": 1, "change_message": "[{\"added\": {}}]"}}, {"model": "admin.logentry", "pk": 66, "fields": {"action_time": "2020-12-20T02:10:16.487Z", "user": 1, "content_type": 9, "object_id": "1", "object_repr": "Default", "action_flag": 2, "change_message": "[{\"changed\": {\"fields\": [\"Template\", \"Image\"]}}]"}}, {"model": "admin.logentry", "pk": 67, "fields": {"action_time": "2020-12-20T02:10:27.237Z", "user": 1, "content_type": 9, "object_id": "2", "object_repr": "Job", "action_flag": 1, "change_message": "[{\"added\": {}}]"}}, {"model": "admin.logentry", "pk": 68, "fields": {"action_time": "2020-12-20T02:10:40.332Z", "user": 1, "content_type": 9, "object_id": "3", "object_repr": "Professional", "action_flag": 1, "change_message": "[{\"added\": {}}]"}}, {"model": "admin.logentry", "pk": 69, "fields": {"action_time": "2020-12-21T01:34:39.430Z", "user": 1, "content_type": 8, "object_id": "2", "object_repr": "Anusha", "action_flag": 2, "change_message": "[{\"changed\": {\"fields\": [\"Template\"]}}]"}}, {"model": "admin.logentry", "pk": 70, "fields": {"action_time": "2021-01-06T12:35:46.493Z", "user": 1, "content_type": 23, "object_id": "1", "object_repr": "UploadCv object (1)", "action_flag": 1, "change_message": "[{\"added\": {}}]"}}, {"model": "admin.logentry", "pk": 71, "fields": {"action_time": "2021-01-06T13:31:46.537Z", "user": 1, "content_type": 23, "object_id": "1", "object_repr": "UploadCv object (1)", "action_flag": 2, "change_message": "[{\"changed\": {\"fields\": [\"Cv user\", \"Uploadfile\"]}}]"}}, {"model": "admin.logentry", "pk": 72, "fields": {"action_time": "2021-01-06T13:33:56.699Z", "user": 1, "content_type": 23, "object_id": "1", "object_repr": "UploadCv object (1)", "action_flag": 2, "change_message": "[{\"changed\": {\"fields\": [\"Uploadfile\"]}}]"}}, {"model": "admin.logentry", "pk": 73, "fields": {"action_time": "2021-01-06T13:34:15.962Z", "user": 1, "content_type": 23, "object_id": "1", "object_repr": "UploadCv object (1)", "action_flag": 2, "change_message": "[{\"changed\": {\"fields\": [\"Uploadfile\"]}}]"}}, {"model": "admin.logentry", "pk": 74, "fields": {"action_time": "2021-01-06T13:34:40.983Z", "user": 1, "content_type": 23, "object_id": "1", "object_repr": "UploadCv object (1)", "action_flag": 2, "change_message": "[{\"changed\": {\"fields\": [\"Uploadfile\"]}}]"}}, {"model": "admin.logentry", "pk": 75, "fields": {"action_time": "2021-01-06T13:37:42.963Z", "user": 1, "content_type": 23, "object_id": "1", "object_repr": "UploadCv object (1)", "action_flag": 2, "change_message": "[{\"changed\": {\"fields\": [\"Uploadfile\"]}}]"}}, {"model": "admin.logentry", "pk": 76, "fields": {"action_time": "2021-01-06T13:42:23.065Z", "user": 1, "content_type": 23, "object_id": "1", "object_repr": "UploadCv object (1)", "action_flag": 2, "change_message": "[{\"changed\": {\"fields\": [\"Uploadfile\"]}}]"}}, {"model": "admin.logentry", "pk": 77, "fields": {"action_time": "2021-01-06T13:44:20.182Z", "user": 1, "content_type": 23, "object_id": "1", "object_repr": "UploadCv object (1)", "action_flag": 2, "change_message": "[{\"changed\": {\"fields\": [\"Uploadfile\"]}}]"}}, {"model": "admin.logentry", "pk": 78, "fields": {"action_time": "2021-01-06T13:47:22.316Z", "user": 1, "content_type": 23, "object_id": "1", "object_repr": "UploadCv object (1)", "action_flag": 2, "change_message": "[{\"changed\": {\"fields\": [\"Uploadfile\"]}}]"}}, {"model": "admin.logentry", "pk": 79, "fields": {"action_time": "2021-01-06T13:48:29.019Z", "user": 1, "content_type": 23, "object_id": "1", "object_repr": "UploadCv object (1)", "action_flag": 2, "change_message": "[{\"changed\": {\"fields\": [\"Uploadfile\"]}}]"}}, {"model": "admin.logentry", "pk": 80, "fields": {"action_time": "2021-01-11T12:31:25.130Z", "user": 1, "content_type": 23, "object_id": "2", "object_repr": "UploadCv object (2)", "action_flag": 3, "change_message": ""}}, {"model": "admin.logentry", "pk": 81, "fields": {"action_time": "2021-01-12T13:07:25.730Z", "user": 1, "content_type": 23, "object_id": "5", "object_repr": "UploadCv object (5)", "action_flag": 2, "change_message": "[{\"changed\": {\"fields\": [\"Uploadfile\"]}}]"}}, {"model": "admin.logentry", "pk": 82, "fields": {"action_time": "2021-01-13T12:48:17.383Z", "user": 1, "content_type": 23, "object_id": "3", "object_repr": "UploadCv object (3)", "action_flag": 2, "change_message": "[{\"changed\": {\"fields\": [\"Keywords\"]}}]"}}, {"model": "admin.logentry", "pk": 83, "fields": {"action_time": "2021-01-13T12:48:42.650Z", "user": 1, "content_type": 23, "object_id": "1", "object_repr": "UploadCv object (1)", "action_flag": 2, "change_message": "[{\"changed\": {\"fields\": [\"Keywords\"]}}]"}}, {"model": "admin.logentry", "pk": 84, "fields": {"action_time": "2021-01-13T13:00:26.277Z", "user": 1, "content_type": 23, "object_id": "7", "object_repr": "UploadCv object (7)", "action_flag": 2, "change_message": "[{\"changed\": {\"fields\": [\"Keywords\"]}}]"}}, {"model": "admin.logentry", "pk": 85, "fields": {"action_time": "2021-01-13T13:01:44.092Z", "user": 1, "content_type": 23, "object_id": "7", "object_repr": "UploadCv object (7)", "action_flag": 2, "change_message": "[]"}}, {"model": "admin.logentry", "pk": 86, "fields": {"action_time": "2021-01-13T13:01:58.717Z", "user": 1, "content_type": 23, "object_id": "1", "object_repr": "UploadCv object (1)", "action_flag": 2, "change_message": "[{\"changed\": {\"fields\": [\"Keywords\"]}}]"}}, {"model": "admin.logentry", "pk": 87, "fields": {"action_time": "2021-01-13T13:05:44.353Z", "user": 1, "content_type": 23, "object_id": "7", "object_repr": "UploadCv object (7)", "action_flag": 2, "change_message": "[]"}}, {"model": "admin.logentry", "pk": 88, "fields": {"action_time": "2021-01-13T13:35:43.043Z", "user": 1, "content_type": 23, "object_id": "8", "object_repr": "UploadCv object (8)", "action_flag": 2, "change_message": "[{\"changed\": {\"fields\": [\"Uploadfile\"]}}]"}}, {"model": "admin.logentry", "pk": 89, "fields": {"action_time": "2021-01-13T17:54:49.006Z", "user": 1, "content_type": 23, "object_id": "14", "object_repr": "UploadCv object (14)", "action_flag": 3, "change_message": ""}}, {"model": "admin.logentry", "pk": 90, "fields": {"action_time": "2021-01-13T17:54:49.144Z", "user": 1, "content_type": 23, "object_id": "13", "object_repr": "UploadCv object (13)", "action_flag": 3, "change_message": ""}}, {"model": "admin.logentry", "pk": 91, "fields": {"action_time": "2021-01-13T17:54:49.270Z", "user": 1, "content_type": 23, "object_id": "12", "object_repr": "UploadCv object (12)", "action_flag": 3, "change_message": ""}}, {"model": "admin.logentry", "pk": 92, "fields": {"action_time": "2021-01-13T17:54:49.380Z", "user": 1, "content_type": 23, "object_id": "11", "object_repr": "UploadCv object (11)", "action_flag": 3, "change_message": ""}}, {"model": "admin.logentry", "pk": 93, "fields": {"action_time": "2021-01-13T17:54:49.556Z", "user": 1, "content_type": 23, "object_id": "10", "object_repr": "UploadCv object (10)", "action_flag": 3, "change_message": ""}}, {"model": "admin.logentry", "pk": 94, "fields": {"action_time": "2021-01-13T17:54:49.711Z", "user": 1, "content_type": 23, "object_id": "9", "object_repr": "UploadCv object (9)", "action_flag": 3, "change_message": ""}}, {"model": "admin.logentry", "pk": 95, "fields": {"action_time": "2021-01-13T17:54:49.824Z", "user": 1, "content_type": 23, "object_id": "8", "object_repr": "UploadCv object (8)", "action_flag": 3, "change_message": ""}}, {"model": "admin.logentry", "pk": 96, "fields": {"action_time": "2021-01-13T17:54:49.955Z", "user": 1, "content_type": 23, "object_id": "7", "object_repr": "UploadCv object (7)", "action_flag": 3, "change_message": ""}}, {"model": "admin.logentry", "pk": 97, "fields": {"action_time": "2021-01-13T17:54:50.077Z", "user": 1, "content_type": 23, "object_id": "6", "object_repr": "UploadCv object (6)", "action_flag": 3, "change_message": ""}}, {"model": "admin.logentry", "pk": 98, "fields": {"action_time": "2021-01-13T17:54:50.201Z", "user": 1, "content_type": 23, "object_id": "5", "object_repr": "UploadCv object (5)", "action_flag": 3, "change_message": ""}}, {"model": "admin.logentry", "pk": 99, "fields": {"action_time": "2021-01-13T17:54:50.476Z", "user": 1, "content_type": 23, "object_id": "4", "object_repr": "UploadCv object (4)", "action_flag": 3, "change_message": ""}}, {"model": "admin.logentry", "pk": 100, "fields": {"action_time": "2021-01-13T17:54:50.588Z", "user": 1, "content_type": 23, "object_id": "3", "object_repr": "UploadCv object (3)", "action_flag": 3, "change_message": ""}}, {"model": "admin.logentry", "pk": 101, "fields": {"action_time": "2021-01-13T17:54:50.710Z", "user": 1, "content_type": 23, "object_id": "1", "object_repr": "UploadCv object (1)", "action_flag": 3, "change_message": ""}}, {"model": "admin.logentry", "pk": 102, "fields": {"action_time": "2021-01-26T12:41:03.284Z", "user": 1, "content_type": 23, "object_id": "22", "object_repr": "UploadCv object (22)", "action_flag": 3, "change_message": ""}}, {"model": "admin.logentry", "pk": 103, "fields": {"action_time": "2021-01-26T12:41:03.631Z", "user": 1, "content_type": 23, "object_id": "21", "object_repr": "UploadCv object (21)", "action_flag": 3, "change_message": ""}}, {"model": "admin.logentry", "pk": 104, "fields": {"action_time": "2021-01-26T12:41:03.775Z", "user": 1, "content_type": 23, "object_id": "20", "object_repr": "UploadCv object (20)", "action_flag": 3, "change_message": ""}}, {"model": "admin.logentry", "pk": 105, "fields": {"action_time": "2021-01-26T12:41:03.854Z", "user": 1, "content_type": 23, "object_id": "19", "object_repr": "UploadCv object (19)", "action_flag": 3, "change_message": ""}}, {"model": "admin.logentry", "pk": 106, "fields": {"action_time": "2021-01-26T12:41:03.986Z", "user": 1, "content_type": 23, "object_id": "18", "object_repr": "UploadCv object (18)", "action_flag": 3, "change_message": ""}}, {"model": "admin.logentry", "pk": 107, "fields": {"action_time": "2021-01-26T12:41:04.099Z", "user": 1, "content_type": 23, "object_id": "17", "object_repr": "UploadCv object (17)", "action_flag": 3, "change_message": ""}}, {"model": "admin.logentry", "pk": 108, "fields": {"action_time": "2021-01-26T12:41:04.186Z", "user": 1, "content_type": 23, "object_id": "16", "object_repr": "UploadCv object (16)", "action_flag": 3, "change_message": ""}}, {"model": "admin.logentry", "pk": 109, "fields": {"action_time": "2021-01-26T12:41:04.284Z", "user": 1, "content_type": 23, "object_id": "15", "object_repr": "UploadCv object (15)", "action_flag": 3, "change_message": ""}}, {"model": "admin.logentry", "pk": 110, "fields": {"action_time": "2021-01-26T13:06:05.467Z", "user": 1, "content_type": 23, "object_id": "23", "object_repr": "UploadCv object (23)", "action_flag": 1, "change_message": "[{\"added\": {}}]"}}, {"model": "admin.logentry", "pk": 111, "fields": {"action_time": "2021-01-26T13:09:25.392Z", "user": 1, "content_type": 23, "object_id": "23", "object_repr": "UploadCv object (23)", "action_flag": 2, "change_message": "[{\"changed\": {\"fields\": [\"Keywords\"]}}]"}}, {"model": "admin.logentry", "pk": 112, "fields": {"action_time": "2021-01-26T13:10:06.574Z", "user": 1, "content_type": 23, "object_id": "23", "object_repr": "UploadCv object (23)", "action_flag": 2, "change_message": "[{\"changed\": {\"fields\": [\"Keywords\"]}}]"}}, {"model": "admin.logentry", "pk": 113, "fields": {"action_time": "2021-01-26T13:14:34.639Z", "user": 1, "content_type": 23, "object_id": "23", "object_repr": "UploadCv object (23)", "action_flag": 2, "change_message": "[{\"changed\": {\"fields\": [\"Cv user\", \"Uploadfile\"]}}]"}}, {"model": "admin.logentry", "pk": 114, "fields": {"action_time": "2021-01-26T13:22:14.650Z", "user": 1, "content_type": 23, "object_id": "23", "object_repr": "UploadCv object (23)", "action_flag": 2, "change_message": "[{\"changed\": {\"fields\": [\"Cv user\"]}}]"}}, {"model": "admin.logentry", "pk": 115, "fields": {"action_time": "2021-01-26T13:24:38.282Z", "user": 1, "content_type": 23, "object_id": "23", "object_repr": "UploadCv object (23)", "action_flag": 2, "change_message": "[{\"changed\": {\"fields\": [\"Keywords\"]}}]"}}, {"model": "admin.logentry", "pk": 116, "fields": {"action_time": "2021-04-19T02:35:08.014Z", "user": 1, "content_type": 9, "object_id": "2", "object_repr": "Professional", "action_flag": 2, "change_message": "[{\"changed\": {\"fields\": [\"Template\"]}}]"}}, {"model": "admin.logentry", "pk": 117, "fields": {"action_time": "2021-04-19T02:35:19.207Z", "user": 1, "content_type": 9, "object_id": "3", "object_repr": "Job", "action_flag": 2, "change_message": "[{\"changed\": {\"fields\": [\"Template\"]}}]"}}, {"model": "admin.logentry", "pk": 118, "fields": {"action_time": "2021-04-21T12:32:20.506Z", "user": 1, "content_type": 4, "object_id": "2", "object_repr": "achyut1324@gmail.com", "action_flag": 2, "change_message": "[{\"changed\": {\"fields\": [\"Email address\", \"Username\", \"First name\", \"Last name\"]}}]"}}, {"model": "admin.logentry", "pk": 119, "fields": {"action_time": "2021-04-21T13:17:15.237Z", "user": 1, "content_type": 4, "object_id": "2", "object_repr": "achyut1324@gmail.com", "action_flag": 2, "change_message": "[{\"changed\": {\"fields\": [\"Email address\"]}}]"}}, {"model": "admin.logentry", "pk": 120, "fields": {"action_time": "2021-04-21T13:43:03.828Z", "user": 1, "content_type": 4, "object_id": "1", "object_repr": "aliza123", "action_flag": 2, "change_message": "[{\"changed\": {\"fields\": [\"Email address\"]}}]"}}, {"model": "admin.logentry", "pk": 121, "fields": {"action_time": "2021-04-21T13:43:24.113Z", "user": 1, "content_type": 4, "object_id": "4", "object_repr": "suraj", "action_flag": 2, "change_message": "[{\"changed\": {\"fields\": [\"Email address\"]}}]"}}, {"model": "admin.logentry", "pk": 122, "fields": {"action_time": "2021-06-19T14:07:56.958Z", "user": 1, "content_type": 8, "object_id": "23", "object_repr": "Raphael", "action_flag": 2, "change_message": "[{\"changed\": {\"fields\": [\"Image\"]}}]"}}]